<?xml version="1.0" encoding="UTF-8"?>
<window  type="dialog" id="1116">
	<defaultcontrol always="true">10010</defaultcontrol>
	<controls>
	<control type="group">
		<!-- <visible>!Window.IsActive(BusyDialog)</visible> -->
		<visible>Window.IsActive(MovieInformation) + ![Window.IsActive(selectdialog) | Window.IsActive(DialogSelect.xml) | Window.IsActive(progressdialog) | Window.IsActive(okdialog) | Window.IsActive(yesnodialog) | Window.IsActive(virtualkeyboard) | Window.IsActive(numericinput) | Window.IsActive(filebrowser) | Window.IsActive(addonsettings)]</visible>
		<include>DialogAnimation</include>
	  <control type="image">
			<left>478</left>
			<top>163</top>
		  <width>324</width>
		  <height>57</height>
		  <colordiffuse>blue</colordiffuse>
		  <texture background="true" border="9">dialogs/other/header.png</texture>
	  </control>
		<control type="image">
			<left>478</left>
			<top>217</top>
			<width>324</width>
			<height>290</height>
	    <texture background="true" border="39,19,39,19">dialogs/other/body.png</texture>
		</control>
    <control type="image">
      <description>Background Image</description>
			<include>FullscreenDimensions</include>
			<texture>osd/xbmcsubs/bg_subs_settings.png</texture>
    </control>
		<control type="image">
			<left>480</left>
			<top>216</top>
			<width>320</width>
			<height>4</height>
			<aspectratio>stretch</aspectratio>
			<texture background="true">dialogs/other/header_line.png</texture>
		</control>
		<control type="label">
			<description>header label</description>
			<left>495</left>
			<top>177</top>
			<width>300</width>
	    <include>DialogsHeaderLabel</include>
			<label>$LOCALIZE[21435]</label>
		</control>
    <control type="group">
      <left>480</left>
      <top>134</top>
			<control type="list" id="10010">
        <left>15</left>
        <top>100</top>
				<width>290</width>
				<height>255</height>
				<onleft>Close</onleft>
				<onright>10000</onright>
				<onup>10010</onup>
				<ondown>10010</ondown>
			  <scrolltime tween="cubic" easing="out">350</scrolltime>
				<itemlayout height="51" width="290">
					<control type="image">
						<left>0</left>
						<top>0</top>
						<width>290</width>
						<height>47</height>
						<align>left</align>
						<aligny>center</aligny>
            <texture>dialogs/buttons/default_nf.png</texture>
					</control>
					<control type="label">
						<left>35</left>
						<top>0</top>
						<width>275</width>
						<height>47</height>
						<font>FontSize_20</font>
						<align>left</align>
						<aligny>center</aligny>
						<textcolor>77white</textcolor>
			      <shadowcolor>99000000</shadowcolor>
						<label>$INFO[ListItem.Label]</label>
					</control>
				</itemlayout>
				<focusedlayout height="51" width="290">
					<control type="image">
						<left>0</left>
						<top>0</top>
						<width>290</width>
						<height>47</height>
						<align>left</align>
						<aligny>center</aligny>
            <texture>dialogs/buttons/default_fo.png</texture>
					</control>
					<control type="label">
						<left>35</left>
						<top>0</top>
						<width>250</width>
						<height>47</height>
						<font>FontSize_20</font>
						<align>left</align>
						<aligny>center</aligny>
						<textcolor>white</textcolor>
			      <shadowcolor>99000000</shadowcolor>
						<label>$INFO[ListItem.Label]</label>
					</control>
				</focusedlayout>
          <content>
            <item id="1">
							<description>Refresh</description>
              <label>$LOCALIZE[184]</label>
              <onclick>PreviousMenu</onclick>
              <onclick>SendClick(2003,6)</onclick>
            </item>
            <item id="2">
							<description>Library Editor</description>
              <label>$LOCALIZE[31125]</label>
			        <onclick>RunScript(script.libraryeditor,DBID=$INFO[ListItem.DBID])</onclick>
			        <visible>System.HasAddon(script.libraryeditor) + [Container.Content(movies) | Container.Content(tvshows) | Container.Content(seasons) | Container.Content(episodes) | Container.Content(musicvideos)]</visible>
            </item>
            <item id="3">
              <description>Default Art</description>
              <label>Default Art</label>
              <onclick>SendClick(2003,10)</onclick>
            </item>
            <item id="4">
              <description>Extra Art</description>
              <label>$LOCALIZE[31221]</label>
		          <onclick condition="Container.Content(TVShows)">XBMC.RunScript(script.artwork.downloader, mode=gui, mediatype=tvshow, dbid=$INFO[ListItem.DBID])</onclick>
		          <onclick condition="Container.Content(Movies)">XBMC.RunScript(script.artwork.downloader, mode=gui, mediatype=movie, dbid=$INFO[ListItem.DBID])</onclick>
		          <visible>System.HasAddon(script.artwork.downloader) + [Container.Content(Movies) | Container.Content(TVShows) | Container.Content(Seasons)]</visible>
            </item>
            <item id="5">
							<description>Update Art</description>
							<label>Update Art</label>
						  <include>TopButton</include>
		          <onclick condition="Container.Content(Movies)">RunScript(script.artwork.downloader,mode=custom,mediatype=movie,poster,fanart,clearlogo,discart,dbid=$INFO[ListItem.DBID])</onclick>
		          <onclick condition="Container.Content(TVShows) | Container.Content(Seasons)">RunScript(script.artwork.downloader,mode=custom,mediatype=tvshow,poster,fanart,landscape,clearlogo,clearart,banner,seasonbanner,seasonposter,dbid=$INFO[ListItem.DBID])</onclick>
					    <visible>System.HasAddon(script.artwork.downloader) + [Container.Content(movies) | Container.Content(TVShows) | Container.Content(Seasons)]</visible>
            </item>
            <item id="6">
							<description>TV Tune</description>
              <label>$LOCALIZE[31222]</label>
						  <onclick>RunScript(script.tvtunes,mode=solo)</onclick>
							<visible>System.HasAddon(script.tvtunes) + Skin.HasSetting(TVTunesEnabled) + [Container.Content(Movies) | Container.Content(TVShows) | Container.Content(Seasons)]</visible>
            </item>
          </content>
			</control>
		</control>

    <!-- Control Buttons -->
	  <control type="group"  id="10000">
			<left>807</left>
			<top>462</top>
  		<control type="button" id="10">
				<description>Done</description>
    		<width>150</width>
	      <include>DialogsButtonsText</include>
    		<texturefocus border="49,0,49,0">dialogs/buttons/save_focus.png</texturefocus>
    		<texturenofocus border="49,0,49,0">dialogs/buttons/save_nofocus.png</texturenofocus>
  			<onleft>10010</onleft>
  			<onright>10010</onright>
  			<onup>10</onup>
  			<ondown>10</ondown>
				<label>$LOCALIZE[20177]</label>
		    <onclick>Action(back)</onclick>
  		</control>
	  </control>

	</control>
	</controls>
</window>
