<?xml version="1.0" encoding="UTF-8"?>
<window type="dialog" id="1120">
  <zorder>5</zorder>
  
  <visible>!Window.IsVisible(fullscreenvideo) + !Window.IsVisible(visualisation) + !Window.IsVisible(screencalibration) + !Window.IsVisible(screensaver) + !Window.IsVisible(slideshow)</visible>
  <controls>
	  <control type="group">
			<left>0</left>
			<top>677</top>
	    <animation type="WindowOpen">
        <effect type="slide" start="-150,0" end="0,0" time="450" delay="0" tween="cubic" easing="out" />
        <effect type="fade" start="0" end="100" time="350" tween="cubic" easing="out" />
	    </animation>
	    <animation type="WindowClose">
        <effect type="slide" start="0,0" end="-150,0" time="450" delay="250" tween="cubic" easing="out" />
        <effect type="fade" start="100" end="0" time="350" tween="cubic" easing="out" />
	    </animation>
	    <animation type="Visible">
        <effect type="slide" start="-150,0" end="0,0" time="450" delay="0" tween="cubic" easing="out" />
        <effect type="fade" start="0" end="100" time="350" tween="cubic" easing="out" />
	    </animation>
	    <animation type="Hidden">
        <effect type="slide" start="0,0" end="-150,0" time="450" delay="250" tween="cubic" easing="out" />
        <effect type="fade" start="100" end="0" time="350" tween="cubic" easing="out" />
	    </animation>
		  <!-- <animation type="Conditional" condition="SubString(System.InternetState,$LOCALIZE[13297])" reversible="true"> -->
		  <animation type="Conditional" condition="![SubString(System.InternetState,$LOCALIZE[13296],left) | SubString(System.InternetState,$LOCALIZE[503],left)]" reversible="true">
			  <effect type="slide" end="145,0" time="400" tween="back" easing="out" />
		  </animation>
		  <!--
      <control type="image">
      	<left>-335</left>
      	<top>0</top>
      	<width>380</width>
      	<height>92</height>
				<aspectratio>stretch</aspectratio>
				<texture>windows/home/network_state/bg.png</texture>
      </control>
			<control type="grouplist">
				<left>-136</left>
				<top>13</top>
				<itemgap>0</itemgap>
				<orientation>horizontal</orientation>
					<control type="label">
			      <left>0</left>
			      <top>0</top>
		        <width min="10" max="350">auto</width>
						<height>30</height>
						<font>FontSize_20</font>
						<textcolor>99white</textcolor>
						<shadowcolor>55000000</shadowcolor>
						<label>Not Connected</label>
					</control>
					-->
			<control type="image">                                                                                                                                                    
        <left>700</left>                                                                                
        <top>-640</top>                                                                                                                                                                         
        <width>45</width>                                                                                 
        <height>45</height>                                                                                                                                                                                         
        <visible>SubString(System.InternetState,$LOCALIZE[13297])</visible>                                                             
        <aspectratio>stretch</aspectratio>                                                                                                              
        <texture>windows/tlbb_settings/disconnected.png</texture>                                                                                       
      </control>                                                                                                                                                                
      <control type="grouplist">                                                
              <left>500</left>                                         
              <top>-635</top>   
              <itemgap>0</itemgap>
              <orientation>horizontal</orientation>
                <control type="label">       
			            <left>0</left>                         
			            <top>0</top>                                 
  								<width min="10" max="350">auto</width>             
                   <height>30</height>                      
                  <visible>SubString(System.InternetState,$LOCALIZE[13297])</visible>
                  <font>FontSize_20</font>                                           
                  <textcolor>blue</textcolor>                                     
                  <shadowcolor>55000000</shadowcolor>                                
                  <label>No Network Connection</label>       
                 </control>            
<!--
		      <control type="group">
			      <control type="image">
				      <left>10</left>
				      <top>8</top>
			      	<width>20</width>
			      	<height>16</height>
							<colordiffuse>99white</colordiffuse>
					    <aspectratio>stretch</aspectratio>
					    <texture>windows/home/network_state/net_wired.png</texture>
			      </control>
		      </control>
-->
		      <control type="group">
			      <control type="image">
				      <left>5</left>
				      <top>0</top>
			      	<width>32</width>
			      	<height>32</height>
					    <aspectratio>stretch</aspectratio>
					    <texture>$VAR[InternetStateIcons]</texture>
			      </control>
		      </control>
		  </control>

	  </control>

  </controls>
</window> 