<?xml version="1.0" encoding="UTF-8"?>
<window type="dialog" id="1111">
	<defaultcontrol always="true">100</defaultcontrol>
	<!--
	<allowoverlay>no</allowoverlay>
	-->
  <onload>RunScript(script.mele.systemsettings,refresh)</onload>
  <!--
  <onunload>PreviousMenu</onunload>
  -->
  <onunload condition=!Window.IsActive(screencalibration)>PreviousMenu</onunload>
	<controls>
  	<control type="button" id="100">
  		<include>TopButton</include>
      <onfocus>SetFocus(901)</onfocus>
      <animation effect="fade" start="0" end="100" time="0" delay="50">Focus</animation>
    </control>
  	<control type="group">
  	  <visible>!Window.IsActive(SettingsScreenCalibration.xml) + !Window.IsActive(mainWindow.xml) + !Window.IsActive(shutdownmenu) + !Window.IsActive(selectdialog) + !Window.IsActive(DialogSelect.xml) + !Window.IsActive(okdialog) + !Window.IsActive(yesnodialog) + !Window.IsActive(1119) + !Window.IsActive(script_linux_nm-main.xml) + !Window.IsActive(script_linux_nm-add.xml) + !Window.IsActive(busy.xml)</visible>
  		<include>DialogAnimation</include>
  	  <control type="image">
  			<left>346</left>
  			<top>107</top>
  		  <width>587</width>
  		  <height>57</height>
  		  <colordiffuse>blue</colordiffuse>
  		  <texture background="true" border="9">dialogs/other/header.png</texture>
  	  </control>
  	  <control type="image">
  			<left>346</left>
  			<top>161</top>
  		  <width>587</width>
  		  <height>392</height>
  		  <texture background="true" border="39,19,39,19">dialogs/other/body.png</texture>
  			<visible>!System.HasAddon(os.openelec.tv)</visible>
  	  </control>
  	  <control type="image">
  			<left>346</left>
  			<top>161</top>
  		  <width>587</width>
  		  <height>392</height>
  		  <texture background="true" border="39,19,39,19">dialogs/other/body.png</texture>
  			<visible>System.HasAddon(os.openelec.tv)</visible>
  	  </control>
  		<control type="image">
  			<description>background image</description>
  			<include>FullscreenDimensions</include>
  			<texture background="true">windows/settings/bg_firstuse_oe.png</texture>
  			<visible>!System.HasAddon(os.openelec.tv)</visible>
  		</control>
  		<control type="image">
  			<description>background image</description>
  			<include>FullscreenDimensions</include>
  			<texture background="true">windows/settings/bg_firstuse_oe.png</texture>
  			<visible>System.HasAddon(os.openelec.tv)</visible>
  		</control>
  		<control type="image">
  			<left>348</left>
  			<top>160</top>
  			<width>583</width>
  			<height>4</height>
  			<aspectratio>stretch</aspectratio>
  			<texture background="true">dialogs/other/header_line.png</texture>
  		</control>
  		<control type="label">
  			<description>header label</description>
  			<left>360</left>
  			<top>120</top>
  			<width>560</width>
  	    <include>DialogsHeaderLabel</include>
        <label>$LOCALIZE[31250]</label>
  		</control>
  
  		<control type="grouplist" id="10010">
  			<left>364</left>
  			<top>178</top>
  			<width>553</width>
			  <height>404</height>
  		  <itemgap>4</itemgap>
  			<onleft>10000</onleft>
			  <onright>10000</onright>
			  <onup>10010</onup>
			  <ondown>10010</ondown>
  			<scrolltime>250</scrolltime>
         <control type="button" id="901">
  				<description>screen size</description>
  		    <width>553</width>
          <include>DialogsButton</include>
  				<label>$LOCALIZE[31251]</label>
  				<onclick>ActivateWindow(10011)</onclick>
  				<onclick>RunScript(script.mele.systemsettings,SetScreenSize)</onclick>
  			</control>               
  			<control type="button" id="902">
  				<description>Language Button</description>
  		    <width>553</width>
          <include>DialogsButton</include>
  				<label>$LOCALIZE[309]</label>
  				<label2>[COLOR=blue]$INFO[Skin.String(locale.language)][/COLOR]</label2>
  				<onclick>RunScript(script.mele.systemsettings,SetLanguage)</onclick>
  			</control>
  			<control type="button" id="903">
  				<description>Subtitles Language Button</description>
  		    <width>553</width>
          <include>DialogsButton</include>
  				<label>$LOCALIZE[21448]</label>
    			<label2>[COLOR=blue]$INFO[Skin.String(subtitles.languages)][/COLOR]</label2>
  				<onclick>RunScript(script.mele.systemsettings,SetSubtitleDownload)</onclick>
  			</control>
			  <control type="button" id="908">
  				<description>Character Set (Subtitles)</description>
  		    <width>553</width>
          <include>DialogsButton</include>
  				<label>$LOCALIZE[31252]</label>
			    <label2>[COLOR=blue]$INFO[Skin.String(subtitles.charset)][/COLOR]</label2>
			    <onclick>RunScript(script.mele.systemsettings,SetSubtitleCharset)</onclick>
  			</control>
  			<control type="button" id="904">
  				<description>Region Button</description>
  		    <width>553</width>
          <include>DialogsButton</include>
  				<label>$LOCALIZE[20026]</label>
    			<label2>[COLOR=blue]$INFO[Skin.String(locale.country)][/COLOR]</label2>
  				<onclick>RunScript(script.mele.systemsettings,SetRegion)</onclick>
  			</control>
<!--
  			<control type="button" id="904">
				  <description>Timezone Button</description>
  		    <width>553</width>
          <include>DialogsButton</include>
			    <label>$LOCALIZE[14080]</label>
			    <label2>[COLOR=blue]$INFO[Skin.String(locale.timezonecountry)][/COLOR]</label2>
			    <onclick>RunScript(script.tlbb.systemsettings,setTimezoneCountry)</onclick>
  			</control>
-->
<!--
        <control type="group" id="904">
          <description>Fake spin control</description>
          <width>553</width>
          <height>47</height>
          <control type="image">
              <posx>0</posx>
              <posy>0</posy>
              <width>553</width>
              <height>47</height>
              <texture>buttons/focus.png</texture>
              <aspectratio>stretch</aspectratio>
              <visible>ControlGroup(905).HasFocus</visible>
          </control>
          <control type="button" id="9051">
              <posx>493</posx>
              <posy>1</posy>
              <width>30</width>
              <height>44</height>
              <onleft>10000</onleft>
              <onright>9052</onright>
              <onup>903</onup>
              <ondown>905</ondown>
              <texturefocus>buttons/arrow_down_fo.png</texturefocus>
              <texturenofocus>buttons/arrow_down_nf.png</texturenofocus>
              <onclick>RunScript(script.mele.systemsettings,zoomDown)</onclick>
          </control>
          <control type="button" id="9052">
              <posx>523</posx>
              <posy>1</posy>
              <width>30</width>
              <height>44</height>
              <onleft>9051</onleft>
              <onright>10000</onright>
              <onup>903</onup>
              <ondown>905</ondown>
              <texturefocus>buttons/arrow_up_fo.png</texturefocus>
              <texturenofocus>buttons/arrow_up_nf.png</texturenofocus>
              <onclick>RunScript(script.mele.systemsettings,zoomUp)</onclick>
          </control>
          <control type="button">
              <width>500</width>
              <include>DialogsButton</include>
              <label>$LOCALIZE[31251]</label>
              <label2>[COLOR=blue]$INFO[Skin.String(lookandfeel.skinzoom),, %][/COLOR]</label2>
              <visible>!ControlGroup(905).HasFocus</visible>
          </control>
          <control type="button">
              <width>500</width>
			        <textcolor>white</textcolor>
              <include>DialogsButton</include>
              <label>$LOCALIZE[31251]</label>
              <label2>[COLOR=blue]$INFO[Skin.String(lookandfeel.skinzoom),, %][/COLOR]</label2>
              <visible>ControlGroup(905).HasFocus</visible>
          </control>

        </control>
-->
			  <control type="button" id="905">
  				<description>Network Button</description>
  		    <width>553</width>
          <include>DialogsButton</include>
  				<label>$LOCALIZE[705]</label>
  				<label2>[COLOR=blue]$INFO[System.InternetState]$INFO[Network.IPAddress, (,)][/COLOR]</label2>
  				<onclick>StartAndroidActivity("com.mele.settings")</onclick>
  			</control>
			  <control type="button" id="906">
  				<description>Firmware Button</description>
  		    <width>553</width>
          <include>DialogsButton</include>
  				<label>$LOCALIZE[24069]</label>
    			<label2>[COLOR=blue]$INFO[Skin.String(firmware),v][/COLOR]</label2>
  				<onclick>StartAndroidActivity("com.mele.melesystemupdate")</onclick>
  				<visible>!System.HasAddon(os.openelec.tv)</visible>
  			</control>
<!--
			  <control type="button" id="908">
  				<description>Skin Button</description>
  		    <width>553</width>
          <include>DialogsButton</include>
  				<label>Select Skin</label>
    			<label2>[COLOR=blue]$INFO[Skin.String(lookandfeel.skin)][/COLOR]</label2>
  				<onclick>-</onclick>
  			</control>
-->
  		</control>
  
      <!-- Control Buttons -->
  	  <control type="group"  id="10000">
  			<left>938</left>
  			<top>500</top>
        <animation effect="slide" start="0,0" end="0,-51" time="0" condition="System.HasAddon(os.openelec.tv)">Conditional</animation>
    		<control type="button" id="10">
  				<description>Done</description>
      		<width>150</width>
					<height>46</height>
<!--
  	      <include>DialogsButtonsText</include>
-->
      		<texturefocus border="49,0,49,0">dialogs/buttons/save_focus.png</texturefocus>
      		<texturenofocus border="46,0,46,0">dialogs/buttons/save_fo.png</texturenofocus>
    			<onleft>10010</onleft>
    			<onright>10010</onright>
    			<onup>11</onup>
    			<ondown>11</ondown>
					<align>left</align>
					<aligny>top</aligny>
					<font>FontSize_20</font>
					<textwidth>80</textwidth>
					<textoffsetx>50</textoffsetx>
					<textoffsety>10</textoffsety>
					<textcolor>99grey</textcolor>
					<focusedcolor>white</focusedcolor>
					<shadowcolor>99000000</shadowcolor>
  				<label>$LOCALIZE[20177]</label>
  				<onclick>Skin.Setbool(FirstTimeRun)</onclick>
  		    <onclick>Action(back)</onclick>
    		</control>
    		<control type="button" id="11">
  				<description>Cancel</description>
    			<top>-50</top>
      		<width>150</width>
					<height>48</height>
<!--
  	      <include>DialogsButtonsText</include>
-->
      		<texturefocus border="49,0,49,0">dialogs/buttons/cancel_focus.png</texturefocus>
      		<texturenofocus border="47,0,47,0">dialogs/buttons/cancel_fo.png</texturenofocus>
    			<onleft>10010</onleft>
    			<onright>10010</onright>
    			<onup>10</onup>
    			<ondown>10</ondown>
					<align>left</align>
					<aligny>top</aligny>
					<font>FontSize_20</font>
					<textwidth>80</textwidth>
					<textoffsetx>50</textoffsetx>
					<textoffsety>10</textoffsety>
					<textcolor>99grey</textcolor>
					<focusedcolor>white</focusedcolor>
					<shadowcolor>99000000</shadowcolor>
  				<label>$LOCALIZE[222]</label>
  		    <onclick>Action(back)</onclick>
    		</control>
  	  </control>

  	</control>
	</controls>
</window>
