<?xml version="1.0" encoding="UTF-8"?>
<window  type="buttonMenu" id="111">
	<defaultcontrol>9000</defaultcontrol>
	<onload>Dialog.Close(playercontrols)</onload>
	<onload>Dialog.Close(favourites)</onload>
	<include>OnLoadDialogsClose</include>
	<coordinates>
		<system>1</system>
		<posx>0</posx>
		<posy>0</posy>
	</coordinates>
	<controls>

	 <control type="group" id="9000">
		<posx>30</posx>
		<posy>25</posy>
	  <include>OpenCloseSlideAnimation</include>
    <control type="image">
      <posx>0</posx>
      <posy>-12</posy>
			<width>380</width>
			<height>75</height>
			<texture>dialogs/menus/topmenus_shutdown.png</texture>
      <aspectratio>stretch</aspectratio>
    </control>
	  <control type="grouplist" id="9111">
			<posx>0</posx>
			<posy>63</posy>
			<width>380</width>
			<height>557</height>
			<itemgap>0</itemgap>
			<onleft>Close</onleft>
			<onright>Close</onright>
			<onup>9111</onup>
			<ondown>9111</ondown>
			<!--
			<control type="button" id="1">
				<description>Exit button</description>
			  <include>TopLeftMenusButton</include>
				<onclick>XBMC.Quit()</onclick>
				<onclick>XBMC.Reset()</onclick>
				<label>$LOCALIZE[13013]</label>
				<visible>System.ShowExitButton</visible>
			</control>
			-->
			<control type="button" id="2">
				<description>Settings button</description>
			  <include>TopLeftMenusButton</include>
        <include>OnClickDialogsClose</include>
				<onclick>ActivateWindow(Settings)</onclick>
				<label>$LOCALIZE[5]</label>
        <visible>System.Loggedon</visible>
			</control>
			<control type="button" id="3">
				<description>System Info button</description>
			  <include>TopLeftMenusButton</include>
        <include>OnClickDialogsClose</include>
				<onclick>ActivateWindow(SystemInfo)</onclick>
				<label>$LOCALIZE[130]</label>
        <visible>System.Loggedon</visible>
			</control>
			<control type="button" id="4">
				<description>File Manager button</description>
			  <include>TopLeftMenusButton</include>
        <include>OnClickDialogsClose</include>
				<onclick>ActivateWindow(FileManager)</onclick>
				<label>$LOCALIZE[31016]</label>
        <visible>System.Loggedon</visible>
			</control>
			<control type="button" id="5">
			  <include>TopLeftMenusButton</include>
				<onclick>XBMC.Powerdown()</onclick>
				<visible>System.CanPowerDown</visible>
				<label>$LOCALIZE[13016]</label>
			</control>
			<control type="button" id="6">
				<description>Custom Shutdown Timer</description>
			  <include>TopLeftMenusButton</include>
				<onclick>XBMC.AlarmClock(shutdowntimer,XBMC.Powerdown())</onclick>
				<label>$LOCALIZE[20150]</label>
				<visible>!System.HasAlarm(shutdowntimer)</visible>
				<visible>System.CanPowerDown</visible>
			</control>
			<control type="button" id="7">
				<description>Cancel Shutdown Timer</description>
			  <include>TopLeftMenusButton</include>
				<onclick>XBMC.CancelAlarm(shutdowntimer)</onclick>
				<label>$LOCALIZE[20151]</label>
				<visible>System.HasAlarm(shutdowntimer)</visible>
			</control>
			<control type="button" id="8">
				<description>Suspend button</description>
			  <include>TopLeftMenusButton</include>
				<onclick>XBMC.Suspend()</onclick>
				<label>$LOCALIZE[13011]</label>
				<visible>System.CanSuspend</visible>
			</control>
			<control type="button" id="9">
				<description>Hibernate button</description>
			  <include>TopLeftMenusButton</include>
				<onclick>XBMC.Hibernate()</onclick>
				<label>$LOCALIZE[13010]</label>
				<visible>System.CanHibernate</visible>
			</control>
			<control type="button" id="10">
				<description>Reboot button</description>
			  <include>TopLeftMenusButton</include>
				<onclick>XBMC.Reset()</onclick>
				<visible>System.CanReboot</visible>
				<label>$LOCALIZE[13013]</label>
			</control>
			<control type="button" id="11">
				<description>Logoff button</description>
			  <include>TopLeftMenusButton</include>
		    <onclick>Dialog.Close(all,true)</onclick>
				<onclick>System.LogOff</onclick>
				<label>$LOCALIZE[20126] $INFO[system.profilename]</label>
				<visible>System.HasLoginScreen | IntegerGreaterThan(System.ProfileCount,1)</visible>
				<visible>System.Loggedon</visible>
			</control>
			<control type="togglebutton" id="12">
				<description>Master mode button</description>
			  <include>TopLeftMenusButton</include>
				<usealttexture>!System.IsMaster</usealttexture>
				<onclick>xbmc.mastermode</onclick>
				<label>$LOCALIZE[20046]</label>
				<altlabel>$LOCALIZE[20045]</altlabel>
				<visible>System.HasLocks</visible>
			</control>
			<control type="button" id="13">
				<description>Profiles button</description>
			  <include>TopLeftMenusButton</include>
				<onclick>ActivateWindow(Profiles)</onclick>
				<label>$LOCALIZE[13200]</label>
        <visible>System.Loggedon</visible>
			</control>
			<control type="button" id="14">
				<description>Reload Skin button</description>
			  <include>TopLeftMenusButton</include>
		    <onclick>Dialog.Close(all,true)</onclick>
		    <onclick>Action(reloadkeymaps)</onclick>
		    <onclick>XBMC.ReloadSkin()</onclick>
				<label>$LOCALIZE[20183]</label>
			</control>
			<control type="button" id="17">
				<description>Update firmware button</description>
			  <include>TopLeftMenusButton</include>
			  <onclick>StartAndroidActivity("com.mele.melesystemupdate")</onclick>
			  <!--
				<onclick>RunScript(special://skin/extras/scripts/update.py)</onclick>
				<visible>!System.HasAddon(os.openelec.tv)</visible>
				-->
				<!--
				<label>Check for Updates</label>
				-->
				<label>$LOCALIZE[24034]</label>
			</control>
			<control type="button" id="18">
				<description>Update firmware button</description>
			  <include>TopLeftMenusButton</include>
			  <onclick>StartAndroidActivity("com.mele.powermanager")</onclick>
				<label>13016</label>
			</control>
			<control type="button" id="16">
				<description>Bottom Texture</description>
				<texturefocus>dialogs/menus/bottom.png</texturefocus>
				<texturenofocus>dialogs/menus/bottom.png</texturenofocus>
			  <width>380</width>
				<height>22</height>
			  <include>TopButton</include>
		    <onfocus>Up</onfocus>
		    <onclick>-</onclick>
			</control>
			<control type="image.">
				<width>380</width>
				<height>22</height>
				<texture>dialogs/menus/bottom.png</texture>
        <aspectratio>stretch</aspectratio>
		  </control>
	  </control>

	  <!-- ================ -->
	  <!-- Top Content Info -->
	  <!-- ================ -->
		<control type="grouplist">
			<posx>75</posx>
			<posy>0</posy>
			<height>70</height>
			<width>1000</width>
			<align>left</align>
			<itemgap>20</itemgap>
			<orientation>horizontal</orientation>
			<control type="label">
			  <include>TopBigLabel</include>
				<label>$LOCALIZE[13005] $LOCALIZE[33061]</label>
			</control>
		</control>
	 </control>


	 <!-- ================= -->
	 <!-- Small System Info -->
	 <!-- ================= -->
	 <control type="group">
	  <posx>45</posx>
		<posy>540</posy>
    <visible>!Window.IsActive(fullscreenvideo)</visible>
    <animation type="WindowOpen" reversible="false">
      <effect type="fade" start="0" end="100" time="300" tween="sine" easing="in"  />
      <effect type="slide" start="0,55" end="0,0" time="350" tween="cubic" easing="out" />
    </animation>
    <animation type="WindowClose" reversible="false">
      <effect type="fade" start="100" end="0" time="300" tween="sine" easing="out" />
      <effect type="slide" start="0,0" end="0,55" time="350" tween="sine" easing="out" />
    </animation>
    <animation type="Visible" reversible="false">
      <effect type="fade" start="0" end="100" time="300" tween="sine" easing="in"  />
      <effect type="slide" start="0,90" end="0,0" time="350" tween="cubic" easing="out" />
    </animation>
    <animation type="Hidden" reversible="false">
      <effect type="fade" start="100" end="0" time="300" tween="sine" easing="out" />
      <effect type="slide" start="0,0" end="0,90" time="350" tween="sine" easing="out" />
    </animation>
		<control type="grouplist">
			<posx>0</posx>
			<posy>0</posy>
			<height>200</height>
			<width>1190</width>
			<itemgap>0</itemgap>
		  <aligny>bottom</aligny>
			<control type="label" id="1">
				<height>50</height>
				<width>1190</width>
				<font>FontSize_40</font>
				<textcolor>white</textcolor>
				<shadowcolor>99000000</shadowcolor>
		    <align>right</align>
		    <aligny>center</aligny>
				<scroll>false</scroll>
				<label>$LOCALIZE[130]</label>
			</control>
			<control type="label" id="1">
				<height>25</height>
				<width>1190</width>
				<font>FontSize_24</font>
				<textcolor>77white</textcolor>
				<shadowcolor>99000000</shadowcolor>
		    <align>right</align>
		    <aligny>center</aligny>
				<scroll>false</scroll>
				<label>$INFO[System.Date], $INFO[System.Time]</label>
			</control>
			<control type="label" id="1">
				<height>25</height>
				<width>1190</width>
				<font>FontSize_24</font>
				<textcolor>77white</textcolor>
				<shadowcolor>99000000</shadowcolor>
		    <align>right</align>
		    <aligny>center</aligny>
				<scroll>false</scroll>
				<label>$INFO[System.ScreenResolution]</label>
			</control>
			<control type="label" id="1">
				<height>25</height>
				<width>1190</width>
				<font>FontSize_24</font>
				<textcolor>77white</textcolor>
				<shadowcolor>99000000</shadowcolor>
		    <align>right</align>
		    <aligny>center</aligny>
				<scroll>false</scroll>
				<label>$INFO[System.InternetState]$INFO[Network.IPAddress,$COMMA $LOCALIZE[150]: ]</label>
			</control>
			<control type="label" id="1">
				<height>25</height>
				<width>1190</width>
				<font>FontSize_24</font>
				<textcolor>77white</textcolor>
				<shadowcolor>99000000</shadowcolor>
		    <align>right</align>
		    <aligny>center</aligny>
				<scroll>false</scroll>
				<label>$INFO[System.Memory(used.percent),$LOCALIZE[31027]]$INFO[System.CPUUsage,$COMMA $LOCALIZE[13271]]</label>
			</control>
	    <control type="fadelabel.">
				<height>25</height>
				<width>1190</width>
				<font>FontSize_24</font>
				<textcolor>77white</textcolor>
				<shadowcolor>99000000</shadowcolor>
		    <align>right</align>
		    <aligny>center</aligny>
				<label>$INFO[System.Uptime, $LOCALIZE[12390]: ]</label>
				<label>$INFO[System.TotalUptime, $LOCALIZE[12394]: ]</label>
	      <scroll>false</scroll>
	      <scrollout>false</scrollout>
	      <scrollspeed>100</scrollspeed>
	      <pauseatend>10000</pauseatend>
	      <visible>!System.HasAlarm(shutdowntimer)</visible>
		    <animation effect="fade" start="0" end="100" time="400" tween="sine" easing="inout">Visible</animation>
		    <animation effect="fade" start="100" end="0" time="400" tween="sine" easing="inout">Hidden</animation>
			</control>
	    <control type="fadelabel.">
				<height>25</height>
				<width>1190</width>
				<font>FontSize_24</font>
				<textcolor>77white</textcolor>
				<shadowcolor>99000000</shadowcolor>
				<label>[COLOR=blue]$INFO[System.Alarmpos, $LOCALIZE[31008] ][/COLOR]</label>
				<label>$INFO[System.Uptime, $LOCALIZE[12390]: ]</label>
				<label>$INFO[System.TotalUptime, $LOCALIZE[12394]: ]</label>
	      <scroll>false</scroll>
	      <scrollout>false</scrollout>
	      <scrollspeed>100</scrollspeed>
	      <pauseatend>10000</pauseatend>
			  <visible>System.HasAlarm(shutdowntimer)</visible>
		    <animation effect="fade" start="0" end="100" time="400" tween="sine" easing="inout">Visible</animation>
		    <animation effect="fade" start="100" end="0" time="400" tween="sine" easing="inout">Hidden</animation>
			</control>			
		</control>
	 </control>
  </controls>
</window>