<?xml version="1.0" encoding="UTF-8"?>
<includes> 

<!-- =================== -->
<!-- Home Window SubMenu -->
<!-- =================== -->

<!-- Wrap List Vars -->
	<include name="SubMenuWraplistVarsDown">
    <include>OpenCloseSlideAnimation</include>
    <include>VisibleHiddenSlideAnimation</include>
    <!-- <animation effect="slide" start="0,0" end="0,55" time="250" tween="Quadratic" easing="out" condition="[Container(20).HasFocus(1) + IntegerGreaterThan(Container(45).NumItems,0) + Skin.HasSetting(ShowHomeRecentlyAddedTVShows)] | [Container(20).HasFocus(2) + IntegerGreaterThan(Container(35).NumItems,0) + Skin.HasSetting(ShowHomeRecentlyAddedMovies)] | [Container(20).HasFocus(7) + IntegerGreaterThan(Container(25).NumItems,0) + Skin.HasSetting(ShowHomeCustomVideoAddons)] | [Container(20).HasFocus(51) + IntegerGreaterThan(Container(25).NumItems,0) + Skin.HasSetting(ShowHomeCustomVideoAddons)] | [Container(20).HasFocus(3) + IntegerGreaterThan(Container(15).NumItems,0) + Skin.HasSetting(ShowHomeRecentlyAddedAlbums)]">Conditional</animation> -->
		<left>350</left>
		<top>430</top>
		<width>600</width>
		<height>155</height>
		<onup>23</onup>
		<ondown>23</ondown>
		<onleft>20</onleft>
		<onright>20</onright>
		<orientation>vertical</orientation>
		<focusposition>0</focusposition>
		<scrolltime>200</scrolltime>
		<animation type="Conditional" condition="Control.HasFocus(23)">
        <effect type="fade" start="0" end="100" time="300" tween="sine" easing="in"  />
        <effect type="slide" start="0,-35" end="0,0" time="350" tween="cubic" easing="out" />
		</animation>
		<animation type="Conditional" condition="!Control.HasFocus(23)">
        <effect type="fade" start="100" end="0" time="300" tween="sine" easing="out" />
        <effect type="slide" start="0,0" end="0,-35" time="350" tween="sine" easing="out" />
		</animation>
	</include>


<!-- Item Layout Vars -->
	<include name="SubMenuItemLayoutVarsDown">
		<left>0</left>
		<top>0</top>
		<width>580</width>
		<height>50</height>
		<align>center</align>
		<aligny>center</aligny>
		<font>FontSize_46</font>
		<textcolor>white</textcolor>
		<shadowcolor>77000000</shadowcolor>
		<label>$INFO[ListItem.Label]</label>
		<animation type="Conditional" condition="true" reversible="false">
			<effect type="fade" end="50" time="0" />
			<effect type="zoom" end="75" time="0" center="auto"/>
		</animation>
	</include>


<!-- Focused Layout Vars -->
	<include name="SubMenuFocusedLayoutVarsDown">
		<left>0</left>
		<top>0</top>
		<width>580</width>
		<height>50</height>
		<align>center</align>
		<aligny>center</aligny>
		<font>FontSize_46</font>
		<textcolor>white</textcolor>
		<shadowcolor>77000000</shadowcolor>
		<label>$INFO[ListItem.Label]</label>
		<animation type="Focus" condition="Container(23).OnNext | Container(23).OnPrevious" reversible="false">
			<effect type="fade" start="40" end="100" time="200" tween="sine" easing="in" />
			<effect type="zoom" start="75" end="100" time="200" center="auto" tween="sine" easing="in" />
		</animation>
		<animation type="Unfocus" condition="Container(23).OnNext | Container(23).OnPrevious" reversible="false">
			<effect type="fade" start="100" end="40" time="200" tween="sine" easing="out" />
			<effect type="zoom" start="100" end="75" time="200" center="auto" tween="sine" easing="out" />
		</animation>
	</include>
	

  <!-- Home SubMenus -->
	<include name="HomeSubMenus">

		<control type="wraplist" id="23">
			<description>SubMenu Container</description>
			<!-- <visible>!Window.IsActive(BusyDialog)</visible> -->
			<visible>![Window.IsActive(script-skinshortcuts.xml) | Window.IsActive(ProgressDialog) | Window.IsActive(PlayerControls) | Window.IsActive(Favourites) | Window.IsActive(1115) | Container(20).OnNext | Container(20).OnPrevious]</visible>
			<include>SubMenuWraplistVarsDown</include>
			<itemlayout width="580" height="46">
				<control type="label">
					<include>SubMenuItemLayoutVarsDown</include>
				</control>
			</itemlayout>
			<focusedlayout width="580" height="55">
				<control type="label">
					<include>SubMenuFocusedLayoutVarsDown</include>
				</control>
			</focusedlayout>
			<content>
  			<include>skinshortcuts-submenu</include>
			</content>
		</control>				
	</include>


	<!-- =============================== -->
	<!-- == Context Menu Content Info == -->
	<!-- =============================== -->
	<include name="ContextMenuContentInfo">
	  <control type="group">
			<left>105</left>
			<top>25</top>
	    <include>OpenCloseSlideAnimation</include>
      <visible>!Window.IsVisible(LockSettings) + !Window.IsVisible(ProfileSettings) + !Window.IsVisible(LoginScreen) + !Window.IsVisible(Profiles)</visible>
			<control type="grouplist">
				<left>0</left>
				<top>0</top>
				<height>70</height>
				<width>1000</width>
				<align>left</align>
				<aligny>center</aligny>
				<itemgap>20</itemgap>
				<orientation>horizontal</orientation>
				<control type="label">
				  <include>TopBigLabel</include>
					<label>31009</label>
				</control>
				<control type="label">
				  <include>TopZoomedSmallLabel</include>
			    <label>3</label>
	       <visible>!Container.Content(Movies) + !Container.Content(TVShows) + !Container.Content(Seasons) + !Container.Content(Episodes) + !Window.IsVisible(MusicLibrary) + !Window.IsVisible(MusicFiles) + !Substring(Container.FolderPath,addons://) + !Window.IsVisible(Favourites)</visible>
				</control>
				<control type="label">
				  <include>TopZoomedSmallLabel</include>
			    <label>342</label>
	       <visible>Container.Content(Movies)</visible>
				</control>
				<control type="label">
				  <include>TopZoomedSmallLabel</include>
			    <label>31002</label>
	       <visible>Container.Content(TVShows) | Container.Content(Seasons) | Container.Content(Episodes)</visible>
				</control>
				<control type="label">
				  <include>TopZoomedSmallLabel</include>
			    <label>33054</label>
	       <visible>Container.Content(Seasons)</visible>
				</control>
				<control type="label">
				  <include>TopZoomedSmallLabel</include>
			    <label>20360</label>
	       <visible>Container.Content(Episodes)</visible>
				</control>
				<control type="label">
				  <include>TopZoomedSmallLabel</include>
			    <label>31021</label>
	        <visible>Window.IsVisible(MusicLibrary) + ![StringCompare(Container.FolderPath,special://musicplaylists/) | Substring(Container.FolderPath,.m3u,Right) | Substring(Container.FolderPath,.xsp,Right)]</visible>
				</control>
				<control type="label">
				  <include>TopZoomedSmallLabel</include>
			    <label>31022</label>
	        <visible>Window.IsVisible(MusicFiles)</visible>
				</control>
				<control type="label">
				  <include>TopZoomedSmallLabel</include>
					<label>$LOCALIZE[2] $LOCALIZE[559]</label>
				  <visible>StringCompare(Container.FolderPath,special://musicplaylists/) | Substring(Container.FolderPath,.m3u,Right) | Substring(Container.FolderPath,.xsp,Right)</visible>
				</control>
				<control type="label">
				  <include>TopZoomedSmallLabel</include>
			    <label>24001</label>
	        <visible>Substring(Container.FolderPath,addons://) + !Window.IsVisible(MusicLibrary) + !Window.IsVisible(MusicFiles)</visible>
				</control>
				<control type="label">
				  <include>TopZoomedSmallLabel</include>
			    <label>24048</label>
          <visible>Window.IsVisible(AddonInformation)</visible>
	        <visible>Substring(Container.FolderPath,addons://) + !Window.IsVisible(MusicLibrary) + !Window.IsVisible(MusicFiles)</visible>
				</control>
			</control>
	  </control>
	</include> 

	<include name="ContextMenuContentInfoWindows">
	  <control type="group">
			<left>105</left>
			<top>25</top>
	    <include>OpenCloseSlideAnimation</include>
      <visible>!Window.IsVisible(LockSettings)</visible>
			<control type="grouplist">
				<left>0</left>
				<top>0</top>
				<height>70</height>
				<width>1000</width>
				<align>left</align>
				<aligny>center</aligny>
				<itemgap>20</itemgap>
				<orientation>horizontal</orientation>
				<control type="label">
				  <include>TopBigLabel</include>
					<label>31009</label>
				</control>
				<control type="label">
				  <include>TopZoomedSmallLabel</include>
			    <label>13200</label>
	       <visible>Window.IsVisible(Profiles)</visible>
				</control>
				<control type="label">
				  <include>TopZoomedSmallLabel</include>
			    <label>10029</label>
	      <visible>Window.IsVisible(LoginScreen)</visible>
				</control>
			</control>
	  </control>
	</include>

	<include name="ContextMenuContentInfoFavourites">
	  <control type="group">
			<left>105</left>
			<top>25</top>
	    <include>OpenCloseSlideAnimation</include>
			<control type="grouplist">
				<left>0</left>
				<top>0</top>
				<height>70</height>
				<width>1000</width>
				<align>left</align>
				<aligny>center</aligny>
				<itemgap>20</itemgap>
				<orientation>horizontal</orientation>
				<control type="label">
				  <include>TopBigLabel</include>
					<label>31009</label>
				</control>
				<control type="label">
				  <include>TopZoomedSmallLabel</include>
			    <label>1036</label>
				</control>
			</control>
	  </control>
	</include> 	


	<!-- ================== -->
	<!-- == Context Menu == -->
	<!-- ================== -->
  <include name="ContextCoordinates">
    <coordinates>
      <left>0</left>
      <top>0</top>
      <origin x="0" y="0">true</origin>
    </coordinates>
  </include>
	
	<include name="ContextMenuDefault">
      <control type="image" id="999">
        <description>background image</description>
				<left>0</left>
				<top>0</top>
        <width>480</width>
        <height>409</height>
        <texture>-</texture>
        <aspectratio aligny="center">stretch</aspectratio>
        <visible>false</visible>
      </control>
			<control type="grouplist" id="996">
				<left>0</left>
				<top>0</top>
				<width>480</width>
				<height max="405">auto</height>
				<itemgap>0</itemgap>
				<onleft>Close</onleft>
				<onright>Close</onright>
				<animation effect="fade" start="0" end="100" time="200" reversible="true">WindowOpen</animation>
				<animation effect="fade" start="100" end="0" time="200" reversible="true">WindowClose</animation>
			</control>
			<control type="button" id="1000">
				<description>button template</description>
				<width>480</width>
				<height>45</height>
				<textcolor>77white</textcolor>
				<focusedcolor>white</focusedcolor>
			  <disabledcolor>33white</disabledcolor>
		    <shadowcolor>99000000</shadowcolor>
				<align>center</align>
				<aligny>top</aligny>
				<textwidth>430</textwidth>
				<textoffsetx>23</textoffsetx>
				<textoffsety>7</textoffsety>
				<texturefocus border="23">windows/filemanager/contextmenu_fo.png</texturefocus>
				<texturenofocus>-</texturenofocus>
				<pulseonselect>no</pulseonselect>
				<font>FontSize_22</font>
			</control>
	</include>

	<include name="ContextMenuOnTopLeft">
	    <control type="grouplist">
				<left>30</left>
	      <top>13</top>
				<width>380</width>
				<itemgap>0</itemgap>
	      <include>OpenCloseSlideAnimation</include>
	      <control type="image" id="997">
					<width>380</width>
					<height>75</height>
					<texture>dialogs/menus/topmenus_context.png</texture>
	        <aspectratio aligny="center">stretch</aspectratio>
	      </control>
	      <control type="image" id="999">
	        <description>background image</description>
	        <width>380</width>
					<height max="700">auto</height>
	        <texture>-</texture>
	      </control>
	      <control type="image" id="998">
					<width>380</width>
					<height>22</height>
					<texture>dialogs/menus/bottom.png</texture>
	        <aspectratio aligny="center">stretch</aspectratio>
	      </control>
	    </control>
		  <control type="grouplist" id="996">
				<left>30</left>
				<top>88</top>
				<width>380</width>
				<height max="700">auto</height>
				<itemgap>0</itemgap>
				<onleft>Close</onleft>
				<onright>Close</onright>
	      <include>OpenCloseSlideAnimation</include>
<!--
				<control type="button" id="980">
			    <description>Play Trailer</description>
					<label>$LOCALIZE[208] $LOCALIZE[20410]</label>
				  <include>TopLeftMenusButton</include>
				  <onclick>PlayMedia($INFO[ListItem.Trailer])</onclick>
					<visible>!IsEmpty(ListItem.Trailer)</visible>
					<visible>!substring(Container.FolderPath,plugin://plugin.video,left)</visible>
				</control>
				<control type="button" id="990">
			    <description>edit Info</description>
	        <label>31125</label>
				  <include>TopLeftMenusButton</include>
	        <onclick>RunScript(script.libraryeditor,DBID=$INFO[ListItem.DBID])</onclick>
					<visible>!substring(Container.FolderPath,plugin://plugin.video,left)</visible>
	        <visible>System.HasAddon(script.libraryeditor) + [Container.Content(movies) | Container.Content(tvshows) | Container.Content(seasons) | Container.Content(episodes) | Container.Content(musicvideos) | Container.Content(artists) | Container.Content(albums) | Container.Content(songs)]</visible>
				</control>
-->
		  </control>
			<control type="button" id="1000">
			  <description>button template</description>
			  <include>TopLeftMenusButton</include>
			</control>
	</include>

	<include name="ContextMenuFavourites">
	    <control type="grouplist">
				<left>30</left>
	      <top>13</top>
				<width>380</width>
				<itemgap>0</itemgap>
	      <include>OpenCloseSlideAnimation</include>
	      <control type="image" id="997">
					<width>380</width>
					<height>75</height>
					<texture>dialogs/menus/topmenus_context.png</texture>
	        <aspectratio aligny="center">stretch</aspectratio>
	      </control>
	      <control type="image" id="999">
	        <description>background image</description>
	        <width>380</width>
					<height max="700">auto</height>
	        <texture>-</texture>
	      </control>
	      <control type="image" id="998">
					<width>380</width>
					<height>22</height>
					<texture>dialogs/menus/bottom.png</texture>
	        <aspectratio aligny="center">stretch</aspectratio>
	      </control>
	    </control>
			<control type="grouplist" id="996">
				<left>30</left>
				<top>88</top>
				<width>380</width>
				<height max="700">auto</height>
				<itemgap>0</itemgap>
				<onleft>Close</onleft>
				<onright>Close</onright>
		    <include>OpenCloseSlideAnimation</include>
				<control type="button." id="991">
					<description>button template</description>
			    <include>TopLeftMenusButton</include>
				  <onclick>SendClick(1001)</onclick>
	        <label>31028</label>
				</control>
				<control type="button." id="992">
					<description>button template</description>
			    <include>TopLeftMenusButton</include>
				  <onclick>SendClick(1002)</onclick>
	        <label>31029</label>
				</control>
				<control type="button." id="993">
					<description>button template</description>
			    <include>TopLeftMenusButton</include>
				  <onclick>SendClick(1003)</onclick>
	        <label>15015</label>
				</control>
				<control type="button." id="994">
					<description>button template</description>
			    <include>TopLeftMenusButton</include>
				  <onclick>SendClick(1004)</onclick>
	        <label>118</label>
				</control>
				<control type="button." id="995">
					<description>button template</description>
			    <include>TopLeftMenusButton</include>
				  <onclick>SendClick(1005)</onclick>
	        <label>20019</label>
				</control>
			</control>
			<control type="button" id="1000">
				<description>button template</description>
			  <include>TopLeftMenusButton</include>
			</control>			
	</include>





	<!-- ========================== -->
	<!-- == PVR OSD Content Info == -->
	<!-- ========================== -->
	<include name="PVROSDContentInfo">
	  <control type="group">
			<left>45</left>
			<top>25</top>
	    <include>OpenCloseSlideAnimation</include>
			<control type="grouplist">
				<left>0</left>
				<top>0</top>
				<height>70</height>
				<width>1000</width>
				<align>left</align>
				<aligny>center</aligny>
				<itemgap>20</itemgap>
				<orientation>horizontal</orientation>
				<control type="label">
				  <include>TopBigLabel</include>
				  <label>$INFO[VideoPlayer.ChannelName,$LOCALIZE[19222]: ]</label>
	        <visible>Window.IsVisible(PVROSDGuide)</visible>
				</control>
				<control type="label">
				  <include>TopZoomedSmallLabel</include>
				  <label>$INFO[Container(11).ListItem.StartDate]</label>
	        <visible>Window.IsVisible(PVROSDGuide)</visible>
				</control>
				
				<control type="label">
				  <include>TopBigLabel</include>
				  <label>$LOCALIZE[19023] - $INFO[VideoPlayer.ChannelGroup]</label>
	        <visible>Window.IsVisible(PVROSDChannels)</visible>
				  <visible>!pvr.IsPlayingRadio</visible>
				</control>
				<control type="label">
				  <include>TopBigLabel</include>
				  <label>$LOCALIZE[19024] - $INFO[MusicPlayer.ChannelGroup]</label>
	        <visible>Window.IsVisible(PVROSDChannels)</visible>
				  <visible>pvr.IsPlayingRadio</visible>
				</control>				
				<control type="label">
				  <include>TopZoomedSmallLabel</include>
				  <label>$INFO[System.Date(ddd)], $INFO[System.Date(d)] $INFO[System.Date(mmm)] $INFO[System.Date(yyyy)]</label>
	        <visible>Window.IsVisible(PVROSDChannels)</visible>
				</control>				
			</control>
	  </control>
	</include> 

	<!-- ========================== -->
	<!-- == PVR OSD EPGuide Menu == -->
	<!-- ========================== -->
	<include name="PVRGuideOSDMenu">
			<control type="list" id="11">
		    <include>OpenCloseSlideAnimation</include>
		    <animation type="Conditional" reversible="false" condition="![Window.IsActive(PVRGuideInfo) | Window.IsActive(PVRRecordingInfo)]">
	        <effect type="fade" start="0" end="100" time="300" tween="sine" easing="in"  />
	        <effect type="slide" start="0,-55" end="0,0" time="350" tween="cubic" easing="out" />
		    </animation>
		    <animation type="Conditional" reversible="false" condition="Window.IsActive(PVRGuideInfo) | Window.IsActive(PVRRecordingInfo)">
	        <effect type="fade" start="100" end="0" time="300" tween="sine" easing="out" />
	        <effect type="slide" start="0,0" end="0,-55" time="350" tween="sine" easing="out" />
		    </animation>
				<left>45</left>
				<top>75</top>
				<width>480</width>
				<height>530</height>
				<itemgap>0</itemgap>
				<onleft>Close</onleft>
				<onright>Close</onright>
        <preloaditems>2</preloaditems>
				<viewtype label="535">list</viewtype>
			  <scrolltime tween="cubic" easing="out">250</scrolltime>
				<itemlayout height="58" width="480">
					<control type="label">
						<left>5</left>
						<top>0</top>
						<width>100</width>
						<height>45</height>
						<font>FontSize_24B</font>
						<textcolor>77white</textcolor>
				    <shadowcolor>99000000</shadowcolor>
						<align>left</align>
						<aligny>center</aligny>
						<label>․</label>
					</control>
					<control type="label">
						<left>30</left>
						<top>0</top>
						<width>400</width>
						<height>45</height>
						<font>FontSize_24B</font>
						<textcolor>77white</textcolor>
				    <shadowcolor>99000000</shadowcolor>
						<align>left</align>
						<aligny>center</aligny>
						<label>$INFO[ListItem.StartTime]</label>
					</control>
					<control type="label">
						<left>30</left>
						<top>25</top>
						<width>400</width>
						<height>40</height>
						<font>FontSize_20</font>
						<textcolor>77white</textcolor>
				    <shadowcolor>99000000</shadowcolor>
						<align>left</align>
						<aligny>center</aligny>
						<label>$INFO[ListItem.Label]</label>
						<visible>![ListItem.IsRecording | ListItem.HasTimer]</visible>
					</control>
					<control type="image.">
						<left>120</left>
						<top>5</top>
						<width>30</width>
						<height>20</height>
						<texture>PVR-IsRecording.png</texture>
						<visible>ListItem.IsRecording</visible>
					</control>
					<control type="image.">
						<left>120</left>
						<top>5</top>
						<width>20</width>
						<height>20</height>
						<texture>PVR-HasTimer.png</texture>
						<visible>ListItem.HasTimer + !ListItem.IsRecording</visible>
					</control>
					<control type="label.">
						<left>400</left>
						<top>0</top>
						<width>130</width>
						<height>40</height>
						<font>FontSize_22</font>
						<textcolor>77white</textcolor>
				    <shadowcolor>99000000</shadowcolor>
						<align>right</align>
						<aligny>center</aligny>
						<label>$INFO[ListItem.StartTime]</label>
						<visible>ListItem.IsRecording | ListItem.HasTimer</visible>
					</control>
				</itemlayout>
				<focusedlayout height="58" width="480">
					<control type="label">
						<left>5</left>
						<top>0</top>
						<width>100</width>
						<height>45</height>
						<font>FontSize_24B</font>
						<textcolor>white</textcolor>
				    <shadowcolor>99000000</shadowcolor>
						<align>left</align>
						<aligny>center</aligny>
						<label>․</label>
					</control>
					<control type="label">
						<left>30</left>
						<top>0</top>
						<width>400</width>
						<height>45</height>
						<font>FontSize_24B</font>
						<textcolor>white</textcolor>
				    <shadowcolor>99000000</shadowcolor>
						<align>left</align>
						<aligny>center</aligny>
						<label>$INFO[ListItem.StartTime]</label>
					</control>
					<control type="label">
						<left>30</left>
						<top>25</top>
						<width>400</width>
						<height>40</height>
						<font>FontSize_20</font>
						<textcolor>white</textcolor>
				    <shadowcolor>99000000</shadowcolor>
						<align>left</align>
						<aligny>center</aligny>
						<label>$INFO[ListItem.Label]</label>
						<visible>![ListItem.IsRecording | ListItem.HasTimer]</visible>
					</control>
					<control type="image.">
						<left>120</left>
						<top>5</top>
						<width>30</width>
						<height>20</height>
						<texture>PVR-IsRecording.png</texture>
						<visible>ListItem.IsRecording</visible>
					</control>
					<control type="image.">
						<left>120</left>
						<top>5</top>
						<width>20</width>
						<height>20</height>
						<texture>PVR-HasTimer.png</texture>
						<visible>ListItem.HasTimer + !ListItem.IsRecording</visible>
					</control>
					<control type="label.">
						<left>400</left>
						<top>0</top>
						<width>130</width>
						<height>40</height>
						<font>FontSize_22</font>
						<textcolor>white</textcolor>
				    <shadowcolor>99000000</shadowcolor>
						<align>right</align>
						<aligny>center</aligny>
						<label>$INFO[ListItem.StartTime]</label>
						<visible>ListItem.IsRecording | ListItem.HasTimer</visible>
					</control>
				</focusedlayout>
			</control>
	</include>

	<!-- =========================== -->
	<!-- == PVR OSD Channels Menu == -->
	<!-- =========================== -->
	<include name="PVRChannelsOSDMenu">
			<control type="list" id="11">
		    <include>OpenCloseSlideAnimation</include>
		    <animation type="Conditional" reversible="false" condition="![Window.IsActive(PVRGuideInfo) | Window.IsActive(PVRRecordingInfo)]">
	        <effect type="fade" start="0" end="100" time="300" tween="sine" easing="in"  />
	        <effect type="slide" start="0,-55" end="0,0" time="350" tween="cubic" easing="out" />
		    </animation>
		    <animation type="Conditional" reversible="false" condition="Window.IsActive(PVRGuideInfo) | Window.IsActive(PVRRecordingInfo)">
	        <effect type="fade" start="100" end="0" time="300" tween="sine" easing="out" />
	        <effect type="slide" start="0,0" end="0,-55" time="350" tween="sine" easing="out" />
		    </animation>		    
				<left>45</left>
				<top>75</top>
				<width>480</width>
				<height>530</height>
				<itemgap>0</itemgap>
				<onleft>Close</onleft>
				<onright>Close</onright>
        <preloaditems>2</preloaditems>
				<viewtype label="535">list</viewtype>
			  <scrolltime tween="cubic" easing="out">250</scrolltime>
				<itemlayout height="58" width="480">
					<control type="label">
						<left>5</left>
						<top>0</top>
						<width>100</width>
						<height>45</height>
						<font>FontSize_24B</font>
						<textcolor>77white</textcolor>
				    <shadowcolor>99000000</shadowcolor>
						<align>left</align>
						<aligny>center</aligny>
						<label>․</label>
					</control>
					<control type="label">
						<left>30</left>
						<top>0</top>
						<width>400</width>
						<height>45</height>
						<font>FontSize_24B</font>
						<textcolor>77white</textcolor>
				    <shadowcolor>99000000</shadowcolor>
						<align>left</align>
						<aligny>center</aligny>
						<label>$INFO[ListItem.ChannelNumber,,. ]$INFO[ListItem.Label]</label>
					</control>
					<control type="label">
						<left>30</left>
						<top>25</top>
						<width>400</width>
						<height>40</height>
						<font>FontSize_20</font>
						<textcolor>77white</textcolor>
				    <shadowcolor>99000000</shadowcolor>
						<align>left</align>
						<aligny>center</aligny>
						<label>$INFO[ListItem.Title]</label>
						<visible>![ListItem.IsRecording | ListItem.HasTimer]</visible>
					</control>
					<control type="image.">
						<left>120</left>
						<top>5</top>
						<width>30</width>
						<height>20</height>
						<texture>PVR-IsRecording.png</texture>
						<visible>ListItem.IsRecording</visible>
					</control>
					<control type="image.">
						<left>120</left>
						<top>5</top>
						<width>20</width>
						<height>20</height>
						<texture>PVR-HasTimer.png</texture>
						<visible>ListItem.HasTimer + !ListItem.IsRecording</visible>
					</control>
					<control type="label.">
						<left>400</left>
						<top>0</top>
						<width>130</width>
						<height>40</height>
						<font>FontSize_22</font>
						<textcolor>77white</textcolor>
				    <shadowcolor>99000000</shadowcolor>
						<align>right</align>
						<aligny>center</aligny>
						<label>$INFO[ListItem.StartTime]</label>
						<visible>ListItem.IsRecording | ListItem.HasTimer</visible>
					</control>
				</itemlayout>
				<focusedlayout height="58" width="480">
					<control type="label">
						<left>5</left>
						<top>0</top>
						<width>100</width>
						<height>45</height>
						<font>FontSize_24B</font>
						<textcolor>white</textcolor>
				    <shadowcolor>99000000</shadowcolor>
						<align>left</align>
						<aligny>center</aligny>
						<label>․</label>
					</control>
					<control type="label">
						<left>30</left>
						<top>0</top>
						<width>400</width>
						<height>45</height>
						<font>FontSize_24B</font>
						<textcolor>white</textcolor>
				    <shadowcolor>99000000</shadowcolor>
						<align>left</align>
						<aligny>center</aligny>
						<label>$INFO[ListItem.ChannelNumber,,. ]$INFO[ListItem.Label]</label>
					</control>
					<control type="label">
						<left>30</left>
						<top>25</top>
						<width>400</width>
						<height>40</height>
						<font>FontSize_20</font>
						<textcolor>white</textcolor>
				    <shadowcolor>99000000</shadowcolor>
						<align>left</align>
						<aligny>center</aligny>
						<label>$INFO[ListItem.Title]</label>
						<visible>![ListItem.IsRecording | ListItem.HasTimer]</visible>
					</control>
					<control type="image.">
						<left>120</left>
						<top>5</top>
						<width>30</width>
						<height>20</height>
						<texture>PVR-IsRecording.png</texture>
						<visible>ListItem.IsRecording</visible>
					</control>
					<control type="image.">
						<left>120</left>
						<top>5</top>
						<width>20</width>
						<height>20</height>
						<texture>PVR-HasTimer.png</texture>
						<visible>ListItem.HasTimer + !ListItem.IsRecording</visible>
					</control>
					<control type="label.">
						<left>400</left>
						<top>0</top>
						<width>130</width>
						<height>40</height>
						<font>FontSize_22</font>
						<textcolor>white</textcolor>
				    <shadowcolor>99000000</shadowcolor>
						<align>right</align>
						<aligny>center</aligny>
						<label>$INFO[ListItem.StartTime]</label>
						<visible>ListItem.IsRecording | ListItem.HasTimer</visible>
					</control>
				</focusedlayout>
			</control>
	</include>

	<!-- ====================================== -->
	<!-- == Context Menu PVR Channel Manager == -->
	<!-- ====================================== -->
	<include name="ContextMenuPVRChannelManager">
      <control type="image" id="999">
        <description>background image</description>
				<left>0</left>
				<top>0</top>
        <width>350</width>
        <height>304</height>
        <texture>-</texture>
        <aspectratio aligny="center">stretch</aspectratio>
        <visible>false</visible>
      </control>
			<control type="grouplist" id="996">
				<left>0</left>
				<top>0</top>
				<width>350</width>
				<height max="294">auto</height>
				<itemgap>0</itemgap>
				<onleft>Close</onleft>
				<onright>Close</onright>
				<animation effect="fade" start="0" end="100" time="200" reversible="true">WindowOpen</animation>
				<animation effect="fade" start="100" end="0" time="200" reversible="true">WindowClose</animation>
			</control>
			<control type="button" id="1000">
				<description>button template</description>
				<width>350</width>
				<height>40</height>
				<textcolor>77white</textcolor>
				<focusedcolor>white</focusedcolor>
			  <disabledcolor>33white</disabledcolor>
		    <shadowcolor>99000000</shadowcolor>
				<align>center</align>
				<aligny>top</aligny>
				<textwidth>430</textwidth>
				<textoffsetx>23</textoffsetx>
				<textoffsety>7</textoffsety>
				<texturefocus border="23">windows/filemanager/contextmenu_fo.png</texturefocus>
				<texturenofocus>-</texturenofocus>
				<pulseonselect>no</pulseonselect>
				<font>FontSize_22</font>
			</control>
	</include>


</includes>
				
				
				
