<?xml version="1.0" encoding="UTF-8"?>
<window  id="131">
	<defaultcontrol>5</defaultcontrol>
	<controls>
	 <control type="group">
		<include>DialogAnimation</include>
		<visible>!Window.IsActive(virtualkeyboard) + !Window.IsActive(numericinput) + !Window.IsActive(DialogGamepad.xml) + !Window.IsActive(okdialog)</visible>
	  <control type="image">
			<left>347</left>
			<top>138</top>
		  <width>587</width>
		  <height>57</height>
		  <colordiffuse>blue</colordiffuse>
		  <texture background="true" border="9">dialogs/other/header.png</texture>
	  </control>
	  <control type="image">
			<left>347</left>
			<top>192</top>
		  <width>587</width>
		  <height>341</height>
		  <texture background="true" border="39,19,39,19">dialogs/other/body.png</texture>
	  </control>
		<control type="image">
			<description>background image</description>
			<include>FullscreenDimensions</include>
			<texture background="true">dialogs/profiles/bg_locksettings.png</texture>
		</control>
		<control type="image">
      <include>FullscreenDimensions</include>
			<texture background="true">dialogs/profiles/locksettings_lines.png</texture>
      <visible>!Window.IsActive(ContextMenu)</visible>
			<animation effect="fade" start="0" end="100" time="250" reversible="true">Visible</animation>
			<animation effect="fade" start="100" end="0" time="200" reversible="true">Hidden</animation>
		</control>
		<control type="image">
			<left>349</left>
			<top>191</top>
			<width>583</width>
			<height>4</height>
			<aspectratio>stretch</aspectratio>
			<texture background="true">dialogs/other/header_line.png</texture>
		</control>
		<control type="label" id="2">
			<description>header label</description>
			<left>360</left>
			<top>152</top>
			<width>560</width>
	    <include>DialogsHeaderLabel</include>
      <label>Remove ID to Test, Remove ID to Test, Remove</label>
		</control>
		<control type="grouplist" id="5">
			<description>Control Area</description>
			<left>364</left>
			<top>209</top>
			<width>553</width>
			<height>302</height>
			<itemgap>4</itemgap>
			<onleft>10000</onleft>
			<onright>10000</onright>
			<onup>5</onup>
			<ondown>5</ondown>
			<scrolltime tween="Cubic" easing="Out">300</scrolltime>
			<animation effect="fade" start="100" end="0" time="250" condition="Window.IsActive(ContextMenu) + ControlGroup(5).HasFocus" reversible="true">Conditional</animation>
		</control>
		<control type="button" id="7">
			<description>Default Button</description>
	    <include>DialogsButton</include>
		</control>
		<control type="radiobutton" id="8">
			<description>Default RadioButton</description>
	    <include>DialogsRadioButton</include>
		</control>
		<control type="spincontrolex" id="9">
			<description>Default SpinControlex</description>
	    <include>DialogsSpincontrolex</include>
		</control>
<!--
		<control type="image" id="11">
			<description>separator image</description>
			<height>0</height>
			<texture>-</texture>
		</control>
-->
    <!-- Control Buttons -->
	  <control type="group"  id="10000">
			<left>939</left>
			<top>488</top>
  		<control type="button" id="28">
				<description>Save</description>
    		<width>150</width>
	      <include>DialogsButtonsText</include>
    		<texturefocus border="49,0,49,0">dialogs/buttons/save_focus.png</texturefocus>
    		<texturenofocus border="49,0,49,0">dialogs/buttons/save_nofocus.png</texturenofocus>
  			<onleft>5</onleft>
  			<onright>5</onright>
  			<onup>29</onup>
  			<ondown>29</ondown>
				<label>$LOCALIZE[190]</label>
  		</control>
  		<control type="button" id="29">
				<description>Cancel</description>
  			<top>-50</top>
    		<width>150</width>
	      <include>DialogsButtonsText</include>
    		<texturefocus border="49,0,49,0">dialogs/buttons/cancel_focus.png</texturefocus>
    		<texturenofocus border="49,0,49,0">dialogs/buttons/cancel_nofocus.png</texturenofocus>
  			<onleft>5</onleft>
  			<onright>5</onright>
  			<onup>28</onup>
  			<ondown>28</ondown>
				<label>$LOCALIZE[222]</label>
  		</control>
	  </control>

   </control>
	</controls>
</window>