<?xml version="1.0" encoding="UTF-8"?>
<window  id="2">
	<defaultcontrol always="true">560</defaultcontrol>
	<views>560,56,50,52</views>
	<controls>
	 <include>BackgroundItems</include>
	 <include>PicturesViews</include>
	 <include>CommonItems</include>
	
	 <!-- ============ -->
	 <!-- Options Menu  -->
	 <!-- ============ -->
	 <control type="group" id="9000">
			<left>30</left>
			<top>25</top>
	    <include>ShutdownMenuAnimation</include>
	    <include>OptionsTopMenuAnimation</include>
	    <animation type="Conditional"  reversible="false" condition="!Window.IsActive(favourites)">
	      <effect type="fade" start="0" end="100" time="300" tween="sine" easing="in"  />
	      <effect type="slide" start="0,35" end="0,0" time="350" tween="cubic" easing="out" />
	    </animation>
	    <animation type="Conditional" reversible="false" condition="Window.IsActive(favourites)">
	      <effect type="fade" start="100" end="0" time="300" tween="sine" easing="out" />
	      <effect type="slide" start="0,0" end="0,35" time="350" tween="sine" easing="out" />
	    </animation>
	    <!-- General Options -->
	    <control type="group">
	      <include>GeneralOptionsTopMenuAnimation</include>
	      <control type="image">
	        <left>0</left>
	        <top>-12</top>
					<width>380</width>
					<height>75</height>
					<texture>dialogs/menus/topmenus_options.png</texture>
	        <aspectratio>stretch</aspectratio>
	      </control>
	      <control type="image">
	        <left>0</left>
	        <top>359</top>
					<width>380</width>
					<height>22</height>
					<texture>dialogs/menus/bottom.png</texture>
	        <aspectratio>stretch</aspectratio>
          <animation effect="slide" start="0,0" end="0,-37" time="0" condition="!Control.IsVisible(294)">Conditional</animation>
	      </control>
				<control type="label">
	        <left>75</left>
				  <label>$LOCALIZE[33063] $LOCALIZE[33061]</label>
				  <include>TopBigLabel</include>
				</control>      
	    </control>
		  <control type="grouplist" id="9111">
				<left>0</left>
				<top>63</top>
				<width>380</width>
				<height>520</height>
				<itemgap>0</itemgap>
				<onleft>50</onleft>
				<onright>50</onright>
				<onup>9111</onup>
				<ondown>9111</ondown>
			  <onback>50</onback>
	      <include>GeneralOptionsTopMenuAnimation</include>
				<control type="button" id="2">
					<description>View as</description>
				  <include>TopLeftMenusButton</include>
				</control>
  			<control type="togglebutton" id="294">
  			  <description>Change Thumbs Size (Thumbnails View)</description>
  			  <include>TopLeftMenusButton</include>
          <label>$LOCALIZE[31098]</label>
          <altlabel>$LOCALIZE[31099]</altlabel>
  				<onclick>Skin.ToggleSetting(ShowSmallPicturesThumbs)</onclick>
  				<selected>Skin.HasSetting(ShowSmallPicturesThumbs)</selected>
  			  <visible>Control.IsVisible(560)</visible>
  			</control>
				<control type="button" id="3">
					<description>Sort by</description>
				  <include>TopLeftMenusButton</include>
				</control>
				<control type="togglebutton" id="4">
					<description>Ascending/Descending</description>
	        <label>584</label>
	        <altlabel>585</altlabel>
				  <include>TopLeftMenusButton</include>
				</control>
				<control type="togglebutton" id="9">
					<description>Randomize</description>
	        <label>$LOCALIZE[13319]: $LOCALIZE[31012]</label>
	        <altlabel>$LOCALIZE[13319]: $LOCALIZE[31011]</altlabel>
				  <include>TopLeftMenusButton</include>
				</control>
				<control type="button" id="6">
					<description>Slideshow</description>
					<label>108</label>
				  <include>TopLeftMenusButton</include>
				</control>
				<control type="button" id="7">
					<description>Slideshow Recursive</description>
					<label>361</label>
				  <include>TopLeftMenusButton</include>
				</control>
				<control type="button" id="8">
					<description>Filter</description>
					<label>587</label>
				  <include>TopLeftMenusButton</include>
	        <onclick>SetFocus(50)</onclick>
				  <onclick>SendClick(19)</onclick>
				</control>
				<control type="button" id="19">
					<description>Filter</description>
	        <visible>false</visible>
				</control>
		  </control>

	 </control>

	 <include>CommonWeatherAndClock</include>

   <!-- ================ -->
   <!-- Top Content Info -->
   <!-- ================ -->
	 <control type="group">
			<left>45</left>
			<top>25</top>
	    <include>OpenCloseSlideAnimation</include>
	    <include>VisibleHiddenSlideAnimation</include>
			<include>ShutdownMenuAnimation</include>
		  <visible>!ControlGroup(9000).HasFocus + !Window.IsActive(favourites) + !Window.IsActive(AddonInformation) + !Window.IsActive(contextmenu.xml)</visible>
			<control type="grouplist">
				<left>0</left>
				<top>0</top>
				<width>1000</width>
			  <height>70</height>
				<align>left</align>
				<itemgap>12</itemgap>
				<orientation>horizontal</orientation>
	      <include>Logo</include>
				<control type="label">
				  <include>TopBigLabel</include>
					<label>$LOCALIZE[1]</label>
				</control>
				<control type="label">
				  <include>TopZoomedSmallLabel</include>
			    <label>$INFO[Container.FolderName]</label>
				</control>
			</control>
	 </control>
	</controls>
</window>
