<?xml version="1.0" encoding="UTF-8"?>
<window  id="28">
	<defaultcontrol always="true">50</defaultcontrol>
	
  
	<views>50,57</views>
	<controls>
		<include>BackgroundItems</include>
		<include>VideoPlaylistViews</include>
	  <include>CommonItems</include>
		
	  <!-- ============ -->
	  <!-- Options Menu  -->
	  <!-- ============ -->
		<control type="group" id="9000">
			<left>30</left>
			<top>25</top>
	    <include>ShutdownMenuAnimation</include>
	    <include>OptionsTopMenuAnimation</include>
	    <animation type="Conditional"  reversible="false" condition="![Window.IsActive(MovieInformation) | Window.IsActive(AddonInformation) | Window.IsActive(favourites)]">
	      <effect type="fade" start="0" end="100" time="300" tween="sine" easing="in"  />
	      <effect type="slide" start="0,35" end="0,0" time="350" tween="cubic" easing="out" />
	    </animation>
	    <animation type="Conditional" reversible="false" condition="Window.IsActive(MovieInformation) | Window.IsActive(AddonInformation) | Window.IsActive(favourites)">
	      <effect type="fade" start="100" end="0" time="300" tween="sine" easing="out" />
	      <effect type="slide" start="0,0" end="0,35" time="350" tween="sine" easing="out" />
	    </animation>
	    <!-- General Options -->
	    <control type="group">
	      <include>GeneralOptionsTopMenuAnimation</include>
	      <control type="image">
	        <left>0</left>
	        <top>-12</top>
					<width>380</width>
					<height>75</height>
					<texture>dialogs/menus/topmenus_options.png</texture>
	        <aspectratio>stretch</aspectratio>
	      </control>
	      <control type="image">
	        <left>0</left>
	        <top>322</top>
					<width>380</width>
					<height>22</height>
					<texture>dialogs/menus/bottom.png</texture>
	        <aspectratio>stretch</aspectratio>
          <animation effect="slide" start="0,0" end="0,-37" time="0" condition="!Control.IsVisible(95)">Conditional</animation>
	      </control>
				<control type="label">
	        <left>75</left>
				  <label>$LOCALIZE[33063] $LOCALIZE[33061]</label>
				  <include>TopBigLabel</include>
				</control>      
	    </control>
		  <control type="grouplist" id="9111">
				<left>0</left>
				<top>63</top>
				<width>380</width>
				<height>520</height>
				<itemgap>0</itemgap>
				<onleft>50</onleft>
				<onright>50</onright>
				<onup>9111</onup>
				<ondown>9111</ondown>
			  <onback>50</onback>
	      <include>GeneralOptionsTopMenuAnimation</include>
				<control type="button" id="2">
					<description>View as</description>
				  <include>TopLeftMenusButton</include>
				</control>
				<control type="togglebutton" id="20">
					<description>Shuffle</description>
	        <label>$LOCALIZE[191]: $LOCALIZE[31012]</label>
	        <altlabel>$LOCALIZE[191]: $LOCALIZE[31011]</altlabel>
				  <include>TopLeftMenusButton</include>
				</control>
				<control type="togglebutton" id="28">
					<description>Randomize</description>
	        <label>$LOCALIZE[13319]: $LOCALIZE[31012]</label>
	        <altlabel>$LOCALIZE[13319]: $LOCALIZE[31011]</altlabel>
				  <include>TopLeftMenusButton</include>
				</control>
				<control type="togglebutton" id="26">
					<description>Repeat</description>
				  <include>TopLeftMenusButton</include>
				</control>
				<control type="button" id="21">
					<description>Save</description>
					<label>190</label>
				  <include>TopLeftMenusButton</include>
				</control>
				<control type="button" id="22">
					<description>Clear</description>
					<label>192</label>
				  <include>TopLeftMenusButton</include>
				</control>
		  </control>

		</control>

	  <include>CommonWeatherAndClock</include>

    <!-- ================ -->
    <!-- Top Content Info -->
    <!-- ================ -->
	  <control type="group">
			<left>45</left>
			<top>25</top>
	    <include>OpenCloseSlideAnimation</include>
	    <include>VisibleHiddenSlideAnimation</include>
			<include>ShutdownMenuAnimation</include>
	    <visible>!ControlGroup(9000).HasFocus + !Window.IsActive(favourites) + !Window.IsActive(filestackingdialog) + !Window.IsActive(MovieInformation) + !Window.IsActive(AddonInformation) + !Window.IsActive(contextmenu.xml)</visible>
			<control type="grouplist">
				<left>0</left>
				<top>0</top>
				<width>1000</width>
			  <height>70</height>
				<align>left</align>
				<itemgap>12</itemgap>
				<orientation>horizontal</orientation>
	      <include>Logo</include>
				<control type="label">
				  <include>TopBigLabel</include>
					<label>$LOCALIZE[3] $LOCALIZE[559]</label>
				</control>
				<control type="label">
				  <include>TopZoomedSmallLabel</include>
			    <label>$INFO[Container.FolderName]</label>
				</control>
			</control>
	  </control>

	</controls>
</window>
