<?xml version="1.0" encoding="UTF-8"?>
<window  id="25">
	<defaultcontrol always="true">56</defaultcontrol>
	<views>56,50,51,52,53,54,58,580,55,560,561,57</views>
  <onload condition="SubString(Container.FolderPath,plugin://plugin.video.youtube)">Container.SetViewMode(560)</onload>
  <onload condition="Skin.HasSetting(ThumbnailsVideos)">SetFocus(50)</onload>
	<onload condition="System.HasAddon(script.tv.show.next.aired) + Library.HasContent(TVShows) + Skin.HasSetting(NextAiredEnabled)">RunScript(script.tv.show.next.aired,backend=True)</onload>
	<onload condition="IsEmpty(Skin.String(ListViewWideThumbTVShows))">Skin.SetString(ListViewWideThumbTVShows,1)</onload>
	<onload condition="IsEmpty(Skin.String(GalleryViewWideThumbTVShows))">Skin.SetString(GalleryViewWideThumbTVShows,1)</onload>
  <onunload condition="!IsEmpty(Window(Home).Property(YouTubeSearch))">ClearProperty(YouTubeSearch,Home)</onunload>
	<controls>
	 <include>BackgroundItems</include>
	 <include>VideoViews</include>
   <include condition="Skin.HasSetting(3DWallViewVideos)">3DWallView_Videos</include> <!-- id = 53 -->
   <include condition="Skin.HasSetting(WallViewVideos)">WallView_Videos</include> <!-- id = 54 -->
   <include condition="Skin.HasSetting(ListWallViewVideos)">ListWallView_Videos</include> <!-- id = 58 -->
   <include condition="!Skin.HasSetting(PostersViewVideos)">PostersView_Videos</include> <!-- id = 55 -->
   <include condition="!Skin.HasSetting(VideoWallFanartViewVideos)">VideoWallFanartView</include> <!-- id = 580 -->
   <include condition="Skin.HasSetting(EnableNextAiredNotifications) + Skin.HasSetting(NextAiredEnabled)">NextAiredNotifications</include>
   <include>CommonItems</include>


   <!-- ============ -->
   <!-- Options Menu  -->
   <!-- ============ -->
	 <control type="group" id="9000">
		<left>30</left>
		<top>25</top>
    <include>ShutdownMenuAnimation</include>
    <include>OptionsTopMenuAnimation</include>
    <animation type="Conditional"  reversible="false" condition="![Window.IsActive(MovieInformation) | Window.IsActive(AddonInformation) | Window.IsActive(favourites)]">
      <effect type="fade" start="0" end="100" time="300" tween="sine" easing="in"  />
      <effect type="slide" start="0,35" end="0,0" time="350" tween="cubic" easing="out" />
    </animation>
    <animation type="Conditional" reversible="false" condition="Window.IsActive(MovieInformation) | Window.IsActive(AddonInformation) | Window.IsActive(favourites)">
      <effect type="fade" start="100" end="0" time="300" tween="sine" easing="out" />
      <effect type="slide" start="0,0" end="0,35" time="350" tween="sine" easing="out" />
    </animation>
    <!-- General Options -->
    <control type="group">
      <include>GeneralOptionsTopMenuAnimation</include>
      <control type="image">
        <left>0</left>
        <top>-12</top>
				<width>380</width>
				<height>75</height>
				<texture>dialogs/menus/topmenus_options.png</texture>
        <aspectratio>stretch</aspectratio>
      </control>
      <control type="image">
        <left>0</left>
        <top>396</top>
				<width>380</width>
				<height>22</height>
				<texture>dialogs/menus/bottom.png</texture>
        <aspectratio>stretch</aspectratio>
        <animation effect="slide" start="0,0" end="0,-37" time="0" condition="!Control.IsVisible(99)">Conditional</animation>
        <animation effect="slide" start="0,0" end="0,-37" time="0" condition="!Control.IsVisible(97)">Conditional</animation>
        <animation effect="slide" start="0,0" end="0,37" time="0" condition="Control.IsVisible(290) | Control.IsVisible(291) | Control.IsVisible(292) | Control.IsVisible(293) | Control.IsVisible(294)">Conditional</animation>
      </control>
			<control type="label">
        <left>75</left>
			  <label>$LOCALIZE[33063] $LOCALIZE[33061]</label>
			  <include>TopBigLabel</include>
			</control>      
    </control>
	  <control type="grouplist" id="9111">
			<left>0</left>
			<top>63</top>
			<width>380</width>
			<height>557</height>
			<itemgap>0</itemgap>
			<onleft>50</onleft>
			<onright>50</onright>
			<onup>9111</onup>
			<ondown>9111</ondown>
			<onback>50</onback>
      <include>GeneralOptionsTopMenuAnimation</include>
			<control type="image.">
				<width>380</width>
				<height>24</height>
				<texture>dialogs/menus/top.png</texture>
				<aspectratio>stretch</aspectratio>
		  </control>
			<control type="button" id="2">
				<description>View as</description>
			  <include>TopLeftMenusButton</include>
			</control>
			<control type="button" id="290">
				<description>ListView WideThumb (TVShows)</description>
  			<include>TopLeftMenusButton</include>
        <label>$LOCALIZE[31217]: $VAR[FanartThumbsOptionsLabels]</label>
		    <onclick condition="Stringcompare(Skin.String(ListViewWideThumbTVShows),3)">Skin.SetString(ListViewWideThumbTVShows,1)</onclick>
		    <onclick condition="Stringcompare(Skin.String(ListViewWideThumbTVShows),2)">Skin.SetString(ListViewWideThumbTVShows,3)</onclick>
		    <onclick condition="Stringcompare(Skin.String(ListViewWideThumbTVShows),1)">Skin.SetString(ListViewWideThumbTVShows,2)</onclick>
		    <onclick condition="Stringcompare(Skin.String(ListViewWideThumbTVShows),3)">Skin.SetString(ListViewWideThumbTVShows,1)</onclick>
			  <visible>Control.IsVisible(50) + [Container.Content(TVShows) | Container.Content(Seasons)]</visible>
			</control>
			<control type="button" id="291">
				<description>GalleryView WideThumb (TVShows)</description>
  			<include>TopLeftMenusButton</include>
        <label>$LOCALIZE[31217]: $VAR[FanartThumbsOptionsLabels]</label>
		    <onclick condition="Stringcompare(Skin.String(GalleryViewWideThumbTVShows),3)">Skin.SetString(GalleryViewWideThumbTVShows,1)</onclick>
		    <onclick condition="Stringcompare(Skin.String(GalleryViewWideThumbTVShows),2)">Skin.SetString(GalleryViewWideThumbTVShows,3)</onclick>
		    <onclick condition="Stringcompare(Skin.String(GalleryViewWideThumbTVShows),1)">Skin.SetString(GalleryViewWideThumbTVShows,2)</onclick>
		    <onclick condition="Stringcompare(Skin.String(GalleryViewWideThumbTVShows),3)">Skin.SetString(GalleryViewWideThumbTVShows,1)</onclick>
			  <visible>Control.IsVisible(52) + [Container.Content(TVShows) | Container.Content(Seasons)]</visible>
			</control>
			<control type="togglebutton" id="292">
				<description>Flashing Cinema Lights</description>
  			<include>TopLeftMenusButton</include>
        <label>$LOCALIZE[31124]: $LOCALIZE[31012]</label>
        <altlabel>$LOCALIZE[31124]: $LOCALIZE[31011]</altlabel>
				<onclick>Skin.ToggleSetting(FlashingCinemaLights)</onclick>
				<selected>Skin.HasSetting(FlashingCinemaLights)</selected>
			  <visible>Control.IsVisible(55) + Container.Content(Movies)</visible>
			</control>
			<control type="togglebutton" id="293">
			  <description>Show Info (Thumbnails View)</description>
  			<include>TopLeftMenusButton</include>
        <label>$LOCALIZE[22081]: $LOCALIZE[31012]</label>
        <altlabel>$LOCALIZE[22081]: $LOCALIZE[31011]</altlabel>
				<onclick>Skin.ToggleSetting(ThumbnailShowInfo)</onclick>
			  <onclick>Reloadskin</onclick>
				<selected>Skin.HasSetting(ThumbnailShowInfo)</selected>
			  <visible>Control.IsVisible(561) + [Container.Content(Movies) | Container.Content(Sets) | Container.Content(TVShows) | Container.Content(Seasons) | Window.IsVisible(VideoPlaylist)]</visible>
			</control>
			<control type="togglebutton" id="294">
			  <description>Change Thumbs Size (Thumbnails View)</description>
			  <include>TopLeftMenusButton</include>
        <label>$LOCALIZE[31098]</label>
        <altlabel>$LOCALIZE[31099]</altlabel>
				<onclick>Skin.ToggleSetting(ShowSmallVideoThumbs)</onclick>
				<selected>Skin.HasSetting(ShowSmallVideoThumbs)</selected>
			  <visible>Control.IsVisible(560) + stringcompare(Container.FolderPath,addons://sources/video/)</visible>
			</control>
			<control type="button" id="3">
				<description>Sort by</description>
			  <include>TopLeftMenusButton</include>
			</control>
			<control type="togglebutton" id="4">
				<description>Sort Ascending/Descending</description>
        <label>$LOCALIZE[21429]: $LOCALIZE[21430]</label>
        <altlabel>$LOCALIZE[21429]: $LOCALIZE[21431]</altlabel>
			  <include>TopLeftMenusButton</include>
			</control>
			<control type="button" id="10">
  			<description>All/Watched/Unwatched Toggle</description>
			  <include>TopLeftMenusButton</include>
			</control>
			<control type="button" id="19">
				<description>Filter</description>
				<label>587</label>
			  <include>TopLeftMenusButton</include>
				<visible>Container.CanFilter + !Container.CanFilterAdvanced</visible>
			</control>
		  <control type="button" id="98">
				<visible>Container.CanFilterAdvanced</visible>
				<description>Filter</description>
				<include>TopLeftMenusButton</include>
				<label>587</label>
				<selected>Container.Filtered</selected>
				<onclick>Action(right)</onclick>
				<onclick>Filter</onclick>
			</control>
			<control type="button" id="8">
				<description>Search</description>
				<label>137</label>
        <onclick>SetFocus(50)</onclick>
			  <include>TopLeftMenusButton</include>
			</control>
			<control type="button" id="97">
				<description>TVGuide</description>
			  <include>TopLeftMenusButton</include>
				<label>31001</label>
				<onclick>XBMC.RunScript(script.tv.show.next.aired)</onclick>
        <visible>[Container.Content(TVShows) | Container.Content(Seasons)| Container.Content(Episodes)] + System.HasAddon(script.tv.show.next.aired)</visible>
			</control>
			<control type="togglebutton" id="20">
				<description>Update Library</description>
				<label>653</label>
				<altlabel>13353</altlabel>
				<usealttexture>Library.IsScanningVideo</usealttexture>
				<onclick>Action(right)</onclick>
			  <include>TopLeftMenusButton</include>
			</control>
			<control type="button" id="99">
				<description>Current Playlist</description>
				<label>13350</label>
			  <include>TopLeftMenusButton</include>
  			<onclick>$VAR[CurrentPlayList]</onclick>
  			<visible>!StringCompare(Playlist.Length(video),0)</visible>
			</control>
			<!--
			<control type="button" id="251">
				<description>Red - Switch View</description>
				<label>$LOCALIZE[457]</label>
				<texturefocus>dialogs/menus/topmenus_red_fo.png</texturefocus>
				<texturenofocus>dialogs/menus/topmenus_red_nf.png</texturenofocus>
			  <textoffsety>8</textoffsety>
			  <include>TopLeftMenusButton</include>
				<onclick>Container.NextViewMode</onclick>
			</control>
			<control type="button" id="252">
				<description>Green - Media Info</description>
				<label>$LOCALIZE[544]</label>
				<texturefocus>dialogs/menus/topmenus_green_fo.png</texturefocus>
				<texturenofocus>dialogs/menus/topmenus_green_nf.png</texturenofocus>
			  <textoffsety>8</textoffsety>
			  <include>TopLeftMenusButton</include>
			  <enable>Container.Content(Movies) | Container.Content(Sets) | Container.Content(TVShows) | Container.Content(Seasons) | Container.Content(Episodes)</enable>
        <onclick>SetFocus(50)</onclick>
				<onclick>Info</onclick>
			</control>
			<control type="button" id="253">
				<description>Yellow - Search</description>
				<label>$LOCALIZE[137]</label>
				<texturefocus>dialogs/menus/topmenus_yellow_fo.png</texturefocus>
				<texturenofocus>dialogs/menus/topmenus_yellow_nf.png</texturenofocus>
			  <textoffsety>8</textoffsety>
			  <include>TopLeftMenusButton</include>
				<onclick>SendClick(8)</onclick>
			</control>
			<control type="button." id="254">
				<description>Blue - All/UnWatched/Watched </description>
				<label>$LOCALIZE[593]/$LOCALIZE[16102]/$LOCALIZE[16101]</label>
				<texturefocus>dialogs/menus/topmenus_blue_fo.png</texturefocus>
				<texturenofocus>dialogs/menus/topmenus_blue_nf.png</texturenofocus>
			  <textoffsety>8</textoffsety>
			  <include>TopLeftMenusButton</include>
				<onclick>SendClick(10)</onclick>
			</control>
			<control type="button" id="254">
				<description>Blue - Short by</description>
				<label>Sort</label>
				<texturefocus>dialogs/menus/topmenus_blue_fo.png</texturefocus>
				<texturenofocus>dialogs/menus/topmenus_blue_nf.png</texturenofocus>
			  <textoffsety>8</textoffsety>
			  <include>TopLeftMenusButton</include>
				<onclick>SendClick(3)</onclick>
			</control>
			-->
	  </control>

	 </control>

   <!-- ================ -->
   <!-- Top Content Info -->
   <!-- ================ -->
   <control type="group">
		<left>45</left>
		<top>25</top>
    <include>OpenCloseSlideAnimation</include>
    <include>VisibleHiddenSlideAnimation</include>
		<include>ShutdownMenuAnimation</include>
	  <visible>!ControlGroup(9000).HasFocus + !Window.IsActive(favourites) + !Window.IsActive(filestackingdialog) + !Window.IsActive(MovieInformation) + !Window.IsActive(AddonInformation) + !Window.IsActive(script-Actors-DialogInfo.xml) + !Window.IsActive(script-Actors-DialogVideoInfo.xml) + !Window.IsActive(contextmenu.xml)</visible>
		<control type="grouplist">
			<left>0</left>
			<top>0</top>
			<width>1000</width>
		  <height>70</height>
			<align>left</align>
			<itemgap>12</itemgap>
			<orientation>horizontal</orientation>
      <include>Logo</include>
			<!-- Big Labels -->
			<control type="label">
			  <include>TopBigLabel</include>
				<label>$VAR[ContentInfoVideos]</label>
			</control>
			<!-- Small Labels -->
			<control type="label">
			  <include>TopZoomedSmallLabel</include>
				<label>$LOCALIZE[20342]</label>
	      <visible>stringcompare(Container.FolderPath,videodb://movies/genres/) | stringcompare(Container.FolderPath,videodb://movies/years/) | stringcompare(Container.FolderPath,videodb://movies/actors/) | stringcompare(Container.FolderPath,videodb://movies/directors/) | stringcompare(Container.FolderPath,videodb://movies/studios/) | stringcompare(Container.FolderPath,videodb://movies/countries/) | stringcompare(Container.FolderPath,videodb://movies/tags/)</visible>
			</control>
			<control type="label">
			  <include>TopZoomedSmallLabel</include>
				<label>$LOCALIZE[20343]</label>
	      <visible>stringcompare(Container.FolderPath,videodb://tvshows/genres/) | stringcompare(Container.FolderPath,videodb://tvshows/years/) | stringcompare(Container.FolderPath,videodb://tvshows/actors/) | stringcompare(Container.FolderPath,videodb://tvshows/studios/)</visible>
			</control>
			<control type="label">
			  <include>TopZoomedSmallLabel</include>
		    <label>$LOCALIZE[24001]</label>
	      <visible>substring(Container.FolderPath,plugin://plugin.video,left) | substring(Container.FolderPath,addons://sources/video/,left)</visible>
			</control>
			<control type="label">
			  <include>TopZoomedSmallLabel</include>
		    <label>$INFO[Container.FolderName]</label>
	      <visible>!substring(Container.FolderPath,addons://sources/video/,left) + ![[Container.Content(Movies) | Container.Content(Sets) | Container.Content(TVShows) | Container.Content(Seasons) | Container.Content(Episodes)] + !substring(Container.FolderPath,plugin://plugin.video,left)]</visible>
			</control>
			<control type="label">
			  <include>TopZoomedSmallLabel</include>
				<label>$LOCALIZE[31002]</label>
	      <visible>substring(Container.FolderPath,special://userdata/addon_data/plugin.program.mele.content/COOD-E Content/TV Shows)</visible>
			</control>
			<control type="label">
			  <include>TopZoomedSmallLabel</include>
				<label>$LOCALIZE[20342]</label>
	      <visible>substring(Container.FolderPath,special://userdata/addon_data/plugin.program.mele.content/COOD-E Content/Movies)</visible>
			</control>
			<control type="label">
			  <include>TopZoomedSmallLabel</include>
				<label>$LOCALIZE[10005]</label>
	      <visible>substring(Container.FolderPath,special://userdata/addon_data/plugin.program.mele.content/COOD-E Content/Music)</visible>
			</control>
			<control type="label">
			  <include>TopZoomedSmallLabel</include>
			  <!--
				<label>Family</label>
				-->
				<label>$LOCALIZE[31436]</label>
	      <visible>substring(Container.FolderPath,special://userdata/addon_data/plugin.program.mele.content/COOD-E Content/Family)</visible>
			</control>
			<control type="label">
			  <include>TopZoomedSmallLabel</include>
			  <!--
				<label>Sports</label>
				-->
				<label>$LOCALIZE[31437]</label>
	      <visible>substring(Container.FolderPath,special://userdata/addon_data/plugin.program.mele.content/COOD-E Content/Sports)</visible>
			</control>
			<control type="label">
			  <include>TopZoomedSmallLabel</include>
				<label>$LOCALIZE[31000]</label>
	      <visible>substring(Container.FolderPath,special://userdata/addon_data/plugin.program.mele.content/COOD-E Content/Live TV)</visible>
			</control>
<!-- *NOT USED*
			<control type="label">
			  <include>TopZoomedSmallLabel</include>
		    <label>$INFO[Skin.String(SearchStringName)]</label>
	      <visible>[SubString(Container.FolderPath,plugin://plugin.video.youtube) + StringCompare(Window(Home).Property(YouTubeSearch),RSS)] + Stringcompare(Skin.String(RSSVideoFeedName),Custom)</visible>
			</control>
			<control type="label">
			  <include>TopZoomedSmallLabel</include>
		    <label>$INFO[Skin.String(RSSVideoFeedName)]</label>
	      <visible>[SubString(Container.FolderPath,plugin://plugin.video.youtube) + StringCompare(Window(Home).Property(YouTubeSearch),RSS)] + !Stringcompare(Skin.String(RSSVideoFeedName),Custom)</visible>
			</control>
-->
			<control type="label">
			  <include>TopZoomedSmallLabel</include>
		    <label>$INFO[Container.FolderName]</label>
        <visible>[Container.Content(Movies) | Container.Content(Sets)] + !substring(Container.FolderPath,plugin://plugin.video,left)</visible>
			</control>
			<control type="label">
			  <include>TopZoomedSmallLabel</include>
		    <label>$INFO[Container.FolderName]</label>
	      <visible>[Container.Content(TVShows) | Container.Content(Seasons)] + !substring(Container.FolderPath,plugin://plugin.video,left)</visible>
			</control>
			<control type="label">
			  <include>TopZoomedSmallLabel</include>
		    <label>$INFO[Container.FolderName]</label>
	      <visible>SubString(Container.FolderPath,videodb://recentlyaddedepisodes/)</visible>
			</control>
			<control type="label">
			  <include>TopZoomedSmallLabel</include>
		    <label>$INFO[ListItem.TVShowTitle]</label>
	      <visible>Container.Content(Episodes) + !SubString(Container.FolderPath,videodb://recentlyaddedepisodes/)</visible>
			</control>
			<control type="label">
			  <include>TopZoomedSmallLabel</include>
		    <label>$INFO[ListItem.Season,$LOCALIZE[20373] ]</label>
	      <visible>Container.Content(Episodes) + !IsEmpty(ListItem.Season) + !SubString(Container.FolderPath,videodb://recentlyaddedepisodes/) + !substring(Container.FolderPath,plugin://plugin.video,left)</visible>
			</control>
		</control>
   </control>

	 <include>CommonWeatherAndClock</include>

	</controls>
</window>
