<?xml version="1.0" encoding="UTF-8"?>
<window  type="dialog" id="114">
  <defaultcontrol always="true">150</defaultcontrol>
  <onload condition="[Player.HasMedia + !VideoPlayer.Content(LiveTV)]">SetFocus(602)</onload>
  <onload condition="[Player.HasMedia + VideoPlayer.Content(LiveTV)]">SetFocus(601)</onload>
  <zorder>3</zorder>
	<include>OnLoadDialogsClose</include>
	<visible>[Window.IsActive(PlayerControls) + ![Skin.HasSetting(DisableQuickNav) + !Player.HasMedia]] + !Window.IsActive(FullscreenVideo) + !Window.IsActive(Visualisation)</visible>
	<controls>

		<control type="group">
	    <include>MiniPlayerOpenCloseAnimation</include>	

      <!-- Quick Nav -->
			<control type="group">
			  <visible>!Skin.HasSetting(DisableQuickNav)</visible>
				<animation type="Conditional" condition="Control.HasFocus(150)" reversible="false">
	        <effect type="fade" start="0" end="100" time="300" delay="200" tween="sine" easing="in" />
	        <effect type="zoom" start="80" end="100" time="400" delay="200" center="auto" tween="back" easing="out" />
				</animation>
				<animation type="Conditional" condition="!Control.HasFocus(150)" reversible="false">
	        <effect type="fade" start="100" end="0" time="300" tween="sine" easing="out" />
	        <effect type="zoom" start="100" end="80" time="400" center="auto" tween="back" easing="out" />
				</animation>
				<control type="label">
			    <description>header label</description>
					<left>290</left>
					<top>185</top>
					<height>50</height>
					<width>705</width>
					<font>FontSize_40</font>
					<textcolor>white</textcolor>
					<shadowcolor>77000000</shadowcolor>
			    <align>center</align>
			    <aligny>center</aligny>
					<scroll>false</scroll>
					<label>$LOCALIZE[31374]</label>
				</control>
				<control type="image">
			    <description>background image</description>
					<left>268</left>
					<top>230</top>
					<width>745</width>
					<height>256</height>
					<aspectratio align="center" aligny="center">stretch</aspectratio>
		      <texture background="true">osd/quicknav/bg_quicknav.png</texture>
				</control>
				<control type="wraplist" id="150">
					<left>288</left>
					<top>265</top>
					<width>705</width>
					<height>360</height>
					<onleft>150</onleft>
					<onright>150</onright>
					<onup condition="Player.HasMedia">100</onup>
					<onup condition="!Player.HasMedia">300</onup>
					<ondown>200</ondown>
	        <preloaditems>3</preloaditems>
				  <focusposition>1</focusposition>
				  <itemgap>0</itemgap>
				  <orientation>horizontal</orientation>
	        <viewtype>list</viewtype>
		      <scrolltime tween="Cubic" easing="out">300</scrolltime>
					<itemlayout height="235" width="235">
						<control type="image">
							<left>30</left>
							<top>0</top>
							<width>175</width>
							<height>165</height>
							<aspectratio align="center" aligny="center">stretch</aspectratio>
							<texture background="true" border="8">osd/quicknav/nofocus_square.png</texture>
						</control>
						<control type="image">
							<left>35</left>
							<top>5</top>
							<width>165</width>
							<height>155</height>
							<aspectratio align="center" aligny="center">scale</aspectratio>
						  <texture background="true" fallback="thumbs/fallback_square_tp.png">$INFO[ListItem.Icon]</texture>
						  <bordersize>6</bordersize>
						</control>
					</itemlayout>
					<focusedlayout height="235" width="235">
						<control type="image">
							<left>30</left>
							<top>0</top>
							<width>175</width>
							<height>165</height>
							<aspectratio align="center" aligny="center">stretch</aspectratio>
							<texture background="true" border="8">osd/quicknav/nofocus_square.png</texture>
						</control>
						<control type="image">
							<left>35</left>
							<top>5</top>
							<width>165</width>
							<height>155</height>
							<colordiffuse>$VAR[DiffuseColorQuickNav_Blue]</colordiffuse>
							<aspectratio align="center" aligny="center">scale</aspectratio>
						  <texture background="true" fallback="thumbs/fallback_square_tp.png">$INFO[ListItem.Icon]</texture>
						  <bordersize>6</bordersize>
						</control>
						<control type="label">
							<left>-30</left>
							<top>168</top>
							<width>295</width>
							<height>35</height>
							<textcolor>blue</textcolor>
							<shadowcolor>99000000</shadowcolor>
							<font>FontSize_24</font>
							<scrollspeed>35</scrollspeed>
							<align>center</align>
							<aligny>center</aligny>
							<label>$INFO[ListItem.Label]</label>
						</control>
						<control type="image">
							<left>30</left>
							<top>0</top>
							<width>175</width>
							<height>165</height>
							<aspectratio align="center" aligny="center">stretch</aspectratio>
							<texture background="true">osd/quicknav/focus_square.png</texture>
	            <include>ThumbnailsFocusAnimation</include>
						</control>
					</focusedlayout>
		      <content>
		        <include>QuickNavContent</include>
		        <include>CustomItems</include>
		      </content>
				</control>
				<control type="image">
					<left>628</left>
					<top>482</top>
					<width>25</width>
					<height>22</height>
				  <colordiffuse>99ffffff</colordiffuse>
					<texture>buttons/arrow.png</texture>
					<animation type="Conditional" condition="true" pulse="true">
					  <effect type="fade" start="0" end="100" delay="1000" time="1000"  />
						<effect type="slide" start="0,0" end="0,4" tween="sine" easing="inout" delay="1000" time="1000" />
					</animation>
					<visible>IntegerGreaterThan(Container(200).NumItems,0) | IntegerGreaterThan(Container(250).NumItems,0) | IntegerGreaterThan(Container(300).NumItems,0)</visible>
			  </control>
			</control>

      <!-- Recent Movies -->
			<control type="group">
			  <visible>!Skin.HasSetting(DisableQuickNav)</visible>
				<animation type="Conditional" condition="Control.HasFocus(200)" reversible="false">
	        <effect type="fade" start="0" end="100" time="300" delay="200" tween="sine" easing="in" />
	        <effect type="zoom" start="80" end="100" time="400" delay="200" center="auto" tween="back" easing="out" />
				</animation>
				<animation type="Conditional" condition="!Control.HasFocus(200)" reversible="false">
	        <effect type="fade" start="100" end="0" time="300" tween="sine" easing="out" />
	        <effect type="zoom" start="100" end="80" time="400" center="auto" tween="back" easing="out" />
				</animation>
				<control type="label">
			    <description>header label</description>
					<left>275</left>
					<top>185</top>
					<height>50</height>
					<width>730</width>
					<font>FontSize_40</font>
					<textcolor>white</textcolor>
					<shadowcolor>77000000</shadowcolor>
			    <align>center</align>
			    <aligny>center</aligny>
					<scroll>false</scroll>
					<label>31241</label>
				</control>
				<control type="image">
			    <description>background image</description>
					<left>250</left>
					<top>230</top>
					<width>781</width>
					<height>272</height>
					<aspectratio align="center" aligny="center">stretch</aspectratio>
		      <texture border="30" background="true">osd/quicknav/bg_quicknav.png</texture>
				</control>
				<control type="button">
					<left>288</left>
					<top>448</top>
        	<width>705</width>
					<height>35</height>
					<font>FontSize_24</font>
					<textcolor>bbwhite</textcolor>
					<focusedcolor>bbwhite</focusedcolor>
				  <disabledcolor>bbwhite</disabledcolor>
					<shadowcolor>77000000</shadowcolor>
					<texturefocus>-</texturefocus>
					<texturenofocus>-</texturenofocus>
					<align>left</align>
					<aligny>top</aligny>
        	<label>$INFO[Container(200).ListItem.Label]</label>
					<label2>$INFO[Container(200).ListItem.Year]$INFO[Container(200).ListItem.Rating, • ]$INFO[Container(200).ListItem.Duration, • , $LOCALIZE[12391]]</label2>
				</control>
				<control type="fixedlist" id="200">
					<left>271</left>
					<top>262</top>
					<width>738</width>
					<height>360</height>
					<onleft>200</onleft>
					<onright>200</onright>
					<onup>150</onup>
					<ondown>250</ondown>
	        <preloaditems>3</preloaditems>
				  <focusposition>0</focusposition>
				  <movement>4</movement>
				  <orientation>horizontal</orientation>
          <scrolltime tween="Quadratic" easing="out">250</scrolltime>
					<itemlayout height="200" width="144">
						<control type="image">
							<left>19</left>
							<top>0</top>
							<width>125</width>
							<height>180</height>
							<aspectratio align="center" aligny="center">stretch</aspectratio>
							<texture border="3,2,3,2">osd/quicknav/nofocus_poster.png</texture>
						</control>
						<control type="image">
							<left>24</left>
							<top>5</top>
							<width>115</width>
							<height>170</height>
							<aspectratio align="center" aligny="center">scale</aspectratio>
						  <texture background="true" fallback="thumbs/fallback_poster_tp.png">$INFO[ListItem.Thumb]</texture>
						  <bordersize>5</bordersize>
						</control>
					</itemlayout>
					<focusedlayout height="200" width="144">
						<control type="image">
							<left>19</left>
							<top>0</top>
							<width>125</width>
							<height>180</height>
							<aspectratio align="center" aligny="center">stretch</aspectratio>
							<texture border="3,2,3,2">osd/quicknav/nofocus_poster.png</texture>
						</control>
						<control type="image">
							<left>24</left>
							<top>5</top>
							<width>115</width>
							<height>170</height>
							<aspectratio align="center" aligny="center">scale</aspectratio>
						  <texture background="true" fallback="thumbs/fallback_poster_tp.png">$INFO[ListItem.Thumb]</texture>
						  <bordersize>5</bordersize>
						</control>
						<control type="image">
							<left>19</left>
							<top>0</top>
							<width>125</width>
							<height>180</height>
							<aspectratio align="center" aligny="center">stretch</aspectratio>
							<texture border="3,2,3,2">osd/quicknav/focus_poster.png</texture>
	            <animation type="Focus">
	              <effect type="zoom" start="95" end="100" time="200" tween="sine" easing="inout" center="auto" />
	              <effect type="fade" start="0" end="100" time="200" tween="sine" easing="in" />
	            </animation>
	            <animation type="Unfocus">
	              <effect type="zoom" start="100" end="95" time="200" tween="sine" easing="inout" center="auto" />
	              <effect type="fade" start="100" end="0" time="200" tween="sine" easing="out" />
	            </animation>
						</control>
					</focusedlayout>
		      <content>plugin://service.library.data.provider?type=recentmovies&amp;reload=$INFO[Window(Home).Property(recentmovies)]</content>
				</control>
				<control type="image">
					<left>628</left>
					<top>498</top>
					<width>25</width>
					<height>22</height>
				  <colordiffuse>99ffffff</colordiffuse>
					<texture>buttons/arrow.png</texture>
					<animation type="Conditional" condition="true" pulse="true">
					  <effect type="fade" start="0" end="100" delay="1000" time="1000"  />
						<effect type="slide" start="0,0" end="0,4" tween="sine" easing="inout" delay="1000" time="1000" />
					</animation>
					<visible>IntegerGreaterThan(Container(250).NumItems,0) | IntegerGreaterThan(Container(300).NumItems,0)</visible>
			  </control>
			</control>

      <!-- Recent TVShows -->
			<control type="group">
			  <visible>!Skin.HasSetting(DisableQuickNav)</visible>
				<animation type="Conditional" condition="Control.HasFocus(250)" reversible="false">
	        <effect type="fade" start="0" end="100" time="300" delay="200" tween="sine" easing="in" />
	        <effect type="zoom" start="80" end="100" time="400" delay="200" center="auto" tween="back" easing="out" />
				</animation>
				<animation type="Conditional" condition="!Control.HasFocus(250)" reversible="false">
	        <effect type="fade" start="100" end="0" time="300" tween="sine" easing="out" />
	        <effect type="zoom" start="100" end="80" time="400" center="auto" tween="back" easing="out" />
				</animation>
				<control type="label">
			    <description>header label</description>
					<left>275</left>
					<top>185</top>
					<height>50</height>
					<width>730</width>
					<font>FontSize_40</font>
					<textcolor>white</textcolor>
					<shadowcolor>77000000</shadowcolor>
			    <align>center</align>
			    <aligny>center</aligny>
					<scroll>false</scroll>
					<label>31242</label>
				</control>
				<control type="image">
			    <description>background image</description>
					<left>250</left>
					<top>230</top>
					<width>781</width>
					<height>272</height>
					<aspectratio align="center" aligny="center">stretch</aspectratio>
		      <texture border="30" background="true">osd/quicknav/bg_quicknav.png</texture>
				</control>
				<control type="button">
					<left>288</left>
					<top>448</top>
        	<width>705</width>
					<height>35</height>
					<font>FontSize_24</font>
					<textcolor>bbwhite</textcolor>
					<focusedcolor>bbwhite</focusedcolor>
				  <disabledcolor>bbwhite</disabledcolor>
					<shadowcolor>77000000</shadowcolor>
					<texturefocus>-</texturefocus>
					<texturenofocus>-</texturenofocus>
					<align>left</align>
					<aligny>top</aligny>
        	<label>$INFO[Container(250).ListItem.TVShowTitle]</label>
					<label2>$INFO[Container(250).ListItem.Season]$INFO[Container(250).ListItem.Episode,x,. ]$INFO[Container(250).ListItem.Title]</label2>
				</control>
				<control type="fixedlist" id="250">
					<left>271</left>
					<top>262</top>
					<width>738</width>
					<height>360</height>
					<onleft>250</onleft>
					<onright>250</onright>
					<onup>200</onup>
					<ondown>300</ondown>
	        <preloaditems>3</preloaditems>
				  <focusposition>0</focusposition>
				  <movement>4</movement>
				  <orientation>horizontal</orientation>
          <scrolltime tween="Quadratic" easing="out">250</scrolltime>
					<itemlayout height="200" width="144">
						<control type="image">
							<left>19</left>
							<top>0</top>
							<width>125</width>
							<height>180</height>
							<aspectratio align="center" aligny="center">stretch</aspectratio>
							<texture border="3,2,3,2">osd/quicknav/nofocus_poster.png</texture>
						</control>
						<control type="image">
							<left>24</left>
							<top>5</top>
							<width>115</width>
							<height>170</height>
							<aspectratio align="center" aligny="center">scale</aspectratio>
						  <texture background="true" fallback="thumbs/fallback_poster_tp.png">$INFO[ListItem.Art(tvshow.poster)]</texture>
						  <bordersize>5</bordersize>
						</control>
					</itemlayout>
					<focusedlayout height="200" width="144">
						<control type="image">
							<left>19</left>
							<top>0</top>
							<width>125</width>
							<height>180</height>
							<aspectratio align="center" aligny="center">stretch</aspectratio>
							<texture border="3,2,3,2">osd/quicknav/nofocus_poster.png</texture>
						</control>
						<control type="image">
							<left>24</left>
							<top>5</top>
							<width>115</width>
							<height>170</height>
							<aspectratio align="center" aligny="center">scale</aspectratio>
						  <texture background="true" fallback="thumbs/fallback_poster_tp.png">$INFO[ListItem.Art(tvshow.poster)]</texture>
						  <bordersize>5</bordersize>
						</control>
						<control type="image">
							<left>19</left>
							<top>0</top>
							<width>125</width>
							<height>180</height>
							<aspectratio align="center" aligny="center">stretch</aspectratio>
							<texture border="3,2,3,2">osd/quicknav/focus_poster.png</texture>
	            <animation type="Focus">
	              <effect type="zoom" start="95" end="100" time="200" tween="sine" easing="inout" center="auto" />
	              <effect type="fade" start="0" end="100" time="200" tween="sine" easing="in" />
	            </animation>
	            <animation type="Unfocus">
	              <effect type="zoom" start="100" end="95" time="200" tween="sine" easing="inout" center="auto" />
	              <effect type="fade" start="100" end="0" time="200" tween="sine" easing="out" />
	            </animation>
						</control>
					</focusedlayout>
		      <content>plugin://service.library.data.provider?type=recentepisodes&amp;reload=$INFO[Window(Home).Property(recentepisodes)]</content>
				</control>
				<control type="image">
					<left>628</left>
					<top>498</top>
					<width>25</width>
					<height>22</height>
				  <colordiffuse>99ffffff</colordiffuse>
					<texture>buttons/arrow.png</texture>
					<animation type="Conditional" condition="true" pulse="true">
					  <effect type="fade" start="0" end="100" delay="1000" time="1000"  />
						<effect type="slide" start="0,0" end="0,4" tween="sine" easing="inout" delay="1000" time="1000" />
					</animation>
					<visible>IntegerGreaterThan(Container(300).NumItems,0)</visible>
			  </control>
			</control>

      <!-- Recent Music -->
			<control type="group">
			  <visible>!Skin.HasSetting(DisableQuickNav)</visible>
				<animation type="Conditional" condition="Control.HasFocus(300)" reversible="false">
	        <effect type="fade" start="0" end="100" time="300" delay="200" tween="sine" easing="in" />
	        <effect type="zoom" start="80" end="100" time="400" delay="200" center="auto" tween="back" easing="out" />
				</animation>
				<animation type="Conditional" condition="!Control.HasFocus(300)" reversible="false">
	        <effect type="fade" start="100" end="0" time="300" tween="sine" easing="out" />
	        <effect type="zoom" start="100" end="80" time="400" center="auto" tween="back" easing="out" />
				</animation>
				<control type="label">
			    <description>header label</description>
					<left>270</left>
					<top>185</top>
					<height>50</height>
					<width>745</width>
					<font>FontSize_40</font>
					<textcolor>white</textcolor>
					<shadowcolor>77000000</shadowcolor>
			    <align>center</align>
			    <aligny>center</aligny>
					<scroll>false</scroll>
					<label>31243</label>
				</control>
				<control type="image">
			    <description>background image</description>
					<left>240</left>
					<top>230</top>
					<width>800</width>
					<height>256</height>
					<aspectratio align="center" aligny="center">stretch</aspectratio>
		      <texture border="30" background="true">osd/quicknav/bg_quicknav.png</texture>
				</control>
				<control type="button">
					<left>280</left>
					<top>433</top>
        	<width>718</width>
					<height>35</height>
					<font>FontSize_24</font>
					<textcolor>bbwhite</textcolor>
					<focusedcolor>bbwhite</focusedcolor>
				  <disabledcolor>bbwhite</disabledcolor>
					<shadowcolor>77000000</shadowcolor>
					<texturefocus>-</texturefocus>
					<texturenofocus>-</texturenofocus>
					<align>left</align>
					<aligny>top</aligny>
        	<label>$INFO[Container(300).ListItem.Label]</label>
					<label2>$INFO[Container(300).ListItem.Artist]</label2>
				</control>
				<control type="fixedlist" id="300">
					<left>261</left>
					<top>263</top>
					<width>745</width>
					<height>360</height>
					<onleft>300</onleft>
					<onright>300</onright>
					<onup>250</onup>
					<ondown condition="Player.HasMedia">100</ondown>
					<ondown condition="!Player.HasMedia">150</ondown>
	        <preloaditems>3</preloaditems>
				  <focusposition>0</focusposition>
				  <movement>3</movement>
				  <orientation>horizontal</orientation>
          <scrolltime tween="Quadratic" easing="out">250</scrolltime>
					<itemlayout height="200" width="184">
						<control type="image">
							<left>20</left>
							<top>0</top>
							<width>165</width>
							<height>165</height>
							<aspectratio align="center" aligny="center">stretch</aspectratio>
							<texture border="3,0,3,0">osd/quicknav/nofocus_square.png</texture>
						</control>
						<control type="image">
							<left>25</left>
							<top>5</top>
							<width>155</width>
							<height>155</height>
							<aspectratio align="center" aligny="center">stretch</aspectratio>
						  <texture background="true" fallback="thumbs/fallback_square_tp.png">$INFO[ListItem.Icon]</texture>
						  <bordersize>5</bordersize>
						</control>
					</itemlayout>
					<focusedlayout height="200" width="184">
						<control type="image">
							<left>20</left>
							<top>0</top>
							<width>165</width>
							<height>165</height>
							<aspectratio align="center" aligny="center">stretch</aspectratio>
							<texture border="3,2,3,2">osd/quicknav/nofocus_square.png</texture>
						</control>
						<control type="image">
							<left>25</left>
							<top>5</top>
							<width>155</width>
							<height>155</height>
							<aspectratio align="center" aligny="center">stretch</aspectratio>
						  <texture background="true" fallback="thumbs/fallback_square_tp.png">$INFO[ListItem.Icon]</texture>
						  <bordersize>5</bordersize>
						</control>
						<control type="label.">
							<left>118</left>
							<top>168</top>
							<width>275</width>
							<height>35</height>
							<textcolor>blue</textcolor>
							<shadowcolor>99000000</shadowcolor>
							<font>FontSize_24</font>
							<scrollspeed>35</scrollspeed>
							<align>center</align>
							<aligny>center</aligny>
							<label>$INFO[ListItem.Label]</label>
	            <animation type="Focus">
	              <effect type="zoom" start="95" end="100" time="200" tween="sine" easing="inout" center="auto" />
	              <effect type="fade" start="0" end="100" time="200" tween="sine" easing="in" />
	            </animation>
	            <animation type="Unfocus">
	              <effect type="zoom" start="100" end="95" time="200" tween="sine" easing="inout" center="auto" />
	              <effect type="fade" start="100" end="0" time="200" tween="sine" easing="out" />
	            </animation>
						</control>
						<control type="image">
							<left>20</left>
							<top>0</top>
							<width>165</width>
							<height>165</height>
							<aspectratio align="center" aligny="center">stretch</aspectratio>
							<texture border="3,0,3,0">osd/quicknav/focus_square.png</texture>
	            <animation type="Focus">
	              <effect type="zoom" start="95" end="100" time="200" tween="sine" easing="inout" center="auto" />
	              <effect type="fade" start="0" end="100" time="200" tween="sine" easing="in" />
	            </animation>
	            <animation type="Unfocus">
	              <effect type="zoom" start="100" end="95" time="200" tween="sine" easing="inout" center="auto" />
	              <effect type="fade" start="100" end="0" time="200" tween="sine" easing="out" />
	            </animation>
						</control>
					</focusedlayout>
		      <content>plugin://service.library.data.provider?type=recentalbums&amp;reload=$INFO[Window(Home).Property(recentalbums)]</content>
				</control>
				<control type="image">
					<left>628</left>
					<top>482</top>
					<width>25</width>
					<height>22</height>
				  <colordiffuse>99ffffff</colordiffuse>
					<texture>buttons/arrow.png</texture>
					<animation type="Conditional" condition="true" pulse="true">
					  <effect type="fade" start="0" end="100" delay="1000" time="1000"  />
						<effect type="slide" start="0,0" end="0,4" tween="sine" easing="inout" delay="1000" time="1000" />
					</animation>
					<visible>IntegerGreaterThan(Container(150).NumItems,0)</visible>
			  </control>
			</control>

      <!-- Mini Player -->
			<control type="group">
				<visible>Player.HasMedia</visible>
				<animation type="Conditional" condition="![Control.HasFocus(150) | Control.HasFocus(200) | Control.HasFocus(250) | Control.HasFocus(300)] + Player.HasMedia" reversible="false">
	        <effect type="fade" start="0" end="100" time="300" delay="200" tween="sine" easing="in" />
	        <effect type="zoom" start="80" end="100" time="400" delay="200" center="auto" tween="back" easing="out" />
				</animation>
				<animation type="Conditional" condition="[Control.HasFocus(150) | Control.HasFocus(200) | Control.HasFocus(250) | Control.HasFocus(300)] + Player.HasMedia" reversible="false">
	        <effect type="fade" start="100" end="0" time="300" tween="sine" easing="out" />
	        <effect type="zoom" start="100" end="80" time="400" center="auto" tween="back" easing="out" />
				</animation>
				<control type="image">
					<left>268</left>
					<top>230</top>
					<width>745</width>
					<height>256</height>
					<aspectratio align="center" aligny="center">stretch</aspectratio>
					<texture background="true">osd/miniplayer/np_music.png</texture>
					<visible>!VideoPlayer.Content(Movies) + !VideoPlayer.Content(Episodes)</visible>
				</control>
				<control type="image">
					<left>268</left>
					<top>230</top>
					<width>745</width>
					<height>256</height>
					<aspectratio align="center" aligny="center">stretch</aspectratio>
					<texture background="true">osd/miniplayer/np_videos.png</texture>
					<visible>VideoPlayer.Content(Movies) | VideoPlayer.Content(Episodes)</visible>
				</control>
				<control type="group">
					<left>296</left>
					<top>258</top>
		     <!-- Cover Movies & Episodes -->
				 <control type="group">
					<visible>VideoPlayer.Content(Movies) | VideoPlayer.Content(Episodes)</visible>
					<control type="image">
						<description>Cover image</description>
						<left>0</left>
						<top>0</top>
						<width>140</width>
						<height>200</height>
						<texture background="true" fallback="thumbs/fallback_poster.png">$VAR[VideoPlayerThumb]</texture>
						<aspectratio aligny="center" scalediffuse="false">stretch</aspectratio>
					  <bordertexture border="15">thumbs/thumb_border.png</bordertexture>
					  <bordersize>7</bordersize>
					</control>
					<control type="image">
						<description>paused indicator</description>
						<left>0</left>
						<top>0</top>
						<width>140</width>
						<height>200</height>
						<texture background="true">osd/paused-overlay_two.png</texture>
						<aspectratio align="center" aligny="center" scalediffuse="false">scale</aspectratio>
						<visible>Player.Paused</visible>
						<animation type="conditional" condition="Player.Paused" reversible="true">
							<effect type="fade" start="0" end="60" time="150" />
						</animation>
					</control>
					<control type="image">
						<description>ff indicator</description>
						<left>0</left>
						<top>0</top>
						<width>140</width>
						<height>200</height>
						<texture background="true">osd/ff-overlay_two.png</texture>
						<aspectratio align="center" aligny="center" scalediffuse="false">scale</aspectratio>
						<visible>Player.Forwarding</visible>
						<animation type="conditional" condition="Player.Forwarding" reversible="true">
							<effect type="fade" start="0" end="60" time="150" />
						</animation>
					</control>
					<control type="image">
						<description>rw indicator</description>
						<left>0</left>
						<top>0</top>
						<width>140</width>
						<height>200</height>
						<texture background="true">osd/rw-overlay_two.png</texture>
						<aspectratio align="center" aligny="center" scalediffuse="false">scale</aspectratio>
						<visible>Player.Rewinding</visible>
						<animation type="conditional" condition="Player.Rewinding" reversible="true">
							<effect type="fade" start="0" end="60" time="150" />
						</animation>
					</control>
				 </control>
		
		     <!-- Cover Videos & Music -->			
				 <control type="group">
					<visible>!VideoPlayer.Content(Movies) + !VideoPlayer.Content(Episodes)</visible>
					<control type="image">
						<description>Cover image</description>
						<left>0</left>
						<top>0</top>
						<width>200</width>
						<height>200</height>
						<texture background="true" fallback="thumbs/fallback_square.png">$VAR[VideoPlayerThumb]</texture>
						<aspectratio align="center" aligny="center" scalediffuse="false">scale</aspectratio>
					  <bordertexture border="15">thumbs/thumb_border.png</bordertexture>
					  <bordersize>6</bordersize>
					  <visible>[Player.HasVideo + VideoPlayer.Content(LiveTV)]</visible>
					</control>
					<control type="image">
						<description>Cover image</description>
						<left>0</left>
						<top>0</top>
						<width>200</width>
						<height>200</height>
						<texture background="true">$INFO[VideoPlayer.Cover]</texture>
						<aspectratio align="center" aligny="center" scalediffuse="false">scale</aspectratio>
					  <bordertexture border="15">thumbs/thumb_border.png</bordertexture>
					  <bordersize>6</bordersize>
					  <visible>[Player.HasVideo + !VideoPlayer.Content(LiveTV)]</visible>
					</control>
					<control type="image">
						<description>Cover image</description>
						<left>0</left>
						<top>0</top>
						<width>200</width>
						<height>200</height>
						<texture background="true" fallback="thumbs/fallback_square.png">$INFO[Player.Art(thumb)]</texture>
						<aspectratio align="center" aligny="center" scalediffuse="false">scale</aspectratio>
					  <bordertexture border="15">thumbs/thumb_border.png</bordertexture>
					  <bordersize>6</bordersize>
					  <visible>Player.HasAudio</visible>
					</control>
					<control type="image">
						<description>paused indicator</description>
						<left>0</left>
						<top>0</top>
						<width>200</width>
						<height>200</height>
						<texture background="true">osd/paused-overlay_two.png</texture>
						<aspectratio align="center" aligny="center" scalediffuse="false">scale</aspectratio>
						<visible>Player.Paused</visible>
						<animation type="conditional" condition="Player.Paused" reversible="true">
							<effect type="fade" start="0" end="60" time="150" />
						</animation>
					</control>
					<control type="image">
						<description>ff indicator</description>
						<left>0</left>
						<top>0</top>
						<width>200</width>
						<height>200</height>
						<texture background="true">osd/ff-overlay_two.png</texture>
						<aspectratio align="center" aligny="center" scalediffuse="false">stretch</aspectratio>
						<visible>Player.Forwarding</visible>
						<animation type="conditional" condition="Player.Forwarding" reversible="true">
							<effect type="fade" start="0" end="60" time="150" />
						</animation>
					</control>
					<control type="image">
						<description>rw indicator</description>
						<left>0</left>
						<top>0</top>
						<width>200</width>
						<height>200</height>
						<texture background="true">osd/rw-overlay_two.png</texture>
						<aspectratio align="center" aligny="center" scalediffuse="false">stretch</aspectratio>
						<visible>Player.Rewinding</visible>
						<animation type="conditional" condition="Player.Rewinding" reversible="true">
							<effect type="fade" start="0" end="60" time="150" />
						</animation>
					</control>
				 </control>
				</control>
		
		    <!-- Info Movies & Episodes -->
				<control type="group">
				 <left>476</left>
				 <top>245</top>
				 <visible>VideoPlayer.Content(Movies) | VideoPlayer.Content(Episodes)</visible>
				 <control type="group">
						<visible>VideoPlayer.Content(Movies)</visible>
					<control type="label">
						<description>Title label</description>
						<left>0</left>
						<top>15</top>
						<height>30</height>
						<width>510</width>
						<label>$INFO[VideoPlayer.Title,, ]$INFO[VideoPlayer.Year, (,) ]</label>
						<align>left</align>
						<aligny>center</aligny>
						<font>FontSize_30</font>
						<textcolor>white</textcolor>
						<shadowcolor>99000000</shadowcolor>
					</control>
					<control type="label">
						<left>0</left>
						<top>45</top>
						<height>30</height>
						<width>510</width>
						<label>$INFO[VideoPlayer.Genre,,]</label>
						<align>left</align>
						<aligny>center</aligny>
						<font>FontSize_18</font>
						<textcolor>99white</textcolor>
						<shadowcolor>99000000</shadowcolor>
					</control>
				 </control>
				 <control type="group">
					<visible>VideoPlayer.Content(Episodes)</visible>
					<control type="label">
						<description>Title label</description>
						<left>0</left>
						<top>15</top>
						<height>30</height>
						<width>510</width>
		        <label>$INFO[VideoPlayer.Title]</label>
						<align>left</align>
						<aligny>center</aligny>
						<font>FontSize_30</font>
						<textcolor>white</textcolor>
						<shadowcolor>99000000</shadowcolor>
					</control>
					<control type="label">
						<description>Label</description>
						<left>0</left>
						<top>45</top>
						<height>30</height>
						<width>510</width>
		        <label>$INFO[VideoPlayer.TVShowTitle]$INFO[VideoPlayer.Season,  •  $LOCALIZE[20373] ,]$INFO[VideoPlayer.Episode,  •  $LOCALIZE[20359] ,]</label>
						<align>left</align>
						<aligny>center</aligny>
						<font>FontSize_18</font>
						<textcolor>99white</textcolor>
						<shadowcolor>99000000</shadowcolor>
					</control>
				 </control>
				 <control type="group">
					<left>0</left>
					<top>115</top>
					<control type="fadelabel">
						<left>3</left>
						<top>0</top>
						<width>365</width>
						<height>40</height>
						<font>FontSize_16</font>
						<align>left</align>
						<aligny>center</aligny>
						<textcolor>99white</textcolor>
					  <shadowcolor>99000000</shadowcolor>
		        <label>$INFO[VideoPlayer.Director,[COLOR=white]$LOCALIZE[20339]:[/COLOR] ]</label>
		        <label>$INFO[VideoPlayer.Writer,[COLOR=white]$LOCALIZE[20417]:[/COLOR] ]</label>
		        <label>$INFO[VideoPlayer.RatingAndVotes,[COLOR=white]$LOCALIZE[563]:[/COLOR] ]</label>
		        <label>$INFO[VideoPlayer.Top250,[COLOR=white]$LOCALIZE[368] $LOCALIZE[13409][/COLOR] # ]</label>
		        <scroll>false</scroll>
		        <scrollout>false</scrollout>
		        <scrollspeed>100</scrollspeed>
		        <pauseatend>5000</pauseatend>
						<visible>VideoPlayer.Content(Movies)</visible>
					</control>
					<control type="fadelabel">
						<left>3</left>
						<top>0</top>
						<width>400</width>
						<height>40</height>
						<font>FontSize_16</font>
						<align>left</align>
						<aligny>center</aligny>
						<textcolor>99white</textcolor>
					  <shadowcolor>99000000</shadowcolor>
		        <label>$INFO[VideoPlayer.Premiered,[COLOR=white]$LOCALIZE[20416]:[/COLOR] ]</label>
		        <label>$INFO[VideoPlayer.Director,[COLOR=white]$LOCALIZE[20339]:[/COLOR] ]</label>
		        <label>$INFO[VideoPlayer.Writer,[COLOR=white]$LOCALIZE[20417]:[/COLOR] ]</label>
		        <label>$INFO[VideoPlayer.RatingAndVotes,[COLOR=white]$LOCALIZE[563]:[/COLOR] ]</label>
		        <scroll>false</scroll>
		        <scrollout>false</scrollout>
		        <scrollspeed>100</scrollspeed>
		        <pauseatend>5000</pauseatend>
						<visible>VideoPlayer.Content(Episodes)</visible>
					</control>
					<control type="label">
						<right>290</right>
						<top>0</top>
						<width>300</width>
						<height>40</height>
						<font>FontSize_16</font>
						<align>right</align>
						<aligny>center</aligny>
						<label>$INFO[Player.Time(mm:ss)]$INFO[Player.Duration, / ]</label>
						<textcolor>99white</textcolor>
					  <shadowcolor>99000000</shadowcolor>
					</control>
				 </control>
				 <control type="image">
						<description>Rating image</description>
						<left>0</left>
						<top>77</top>
						<width>125</width>
						<height>25</height>
						<aspectratio align="left">keep</aspectratio>
						<texture>rating/$INFO[Player.StarRating]</texture>
				 </control>	 
				</control>
		
		    <!-- Info Music & Videos -->
				<control type="group">
				 <left>536</left>
				 <top>0</top>
				 <visible>![VideoPlayer.Content(Movies) | VideoPlayer.Content(Episodes) | VideoPlayer.Content(LiveTV)]</visible>
				 <control type="group">
						<left>0</left>
						<top>245</top>	
					<control type="label">
						<description>Title label</description>
						<left>0</left>
						<top>15</top>
						<height>30</height>
						<width>460</width>
					  <label>$INFO[MusicPlayer.Title]</label>
						<align>left</align>
						<aligny>center</aligny>
						<font>FontSize_30</font>
						<textcolor>white</textcolor>
						<shadowcolor>99000000</shadowcolor>
					</control>	
					<control type="label">
						<description>Album Label</description>
						<left>0</left>
						<top>45</top>
						<height>30</height>
						<width>460</width>
						<label>$INFO[MusicPlayer.Artist,, - ]$INFO[MusicPlayer.Album]$INFO[MusicPlayer.DiscNumber, - $LOCALIZE[427]:]</label>
						<align>left</align>
						<aligny>center</aligny>
						<font>FontSize_18</font>
						<textcolor>99white</textcolor>
						<shadowcolor>99000000</shadowcolor>
					</control>
					<control type="label">
						<description>Title label</description>
						<left>0</left>
						<top>15</top>
						<height>30</height>
						<width>460</width>
					  <label>$INFO[VideoPlayer.Title]</label>
						<align>left</align>
						<aligny>center</aligny>
						<font>FontSize_30</font>
						<textcolor>white</textcolor>
						<shadowcolor>99000000</shadowcolor>
					</control>
					<control type="label">
						<description>Album Label</description>
						<left>0</left>
						<top>45</top>
						<height>30</height>
						<width>460</width>
					  <label>$INFO[VideoPlayer.Genre]</label>
						<align>left</align>
						<aligny>center</aligny>
						<font>FontSize_18</font>
						<textcolor>99white</textcolor>
						<shadowcolor>99000000</shadowcolor>
					</control>
					<control type="image">
						<description>Rating image</description>
						<left>0</left>
						<top>77</top>
						<width>125</width>
						<height>25</height>
						<aspectratio align="left">keep</aspectratio>
						<texture>rating/$INFO[Player.StarRating]</texture>
					</control>
				 </control>
				 <control type="group">
						<left>3</left>
						<top>360</top>
					<control type="label">
						<left>0</left>
						<top>0</top>
						<width>340</width>
						<height>40</height>
						<font>FontSize_16</font>
						<align>left</align>
						<aligny>center</aligny>
					  <label>$INFO[MusicPlayer.PlaylistPosition,$LOCALIZE[554] ,]$INFO[MusicPlayer.PlaylistLength,/, ·] $INFO[musicplayer.Codec,]$INFO[musicplayer.Bitrate, · ,kbps]$INFO[musicplayer.bitspersample, · ,bit]$INFO[musicplayer.Samplerate, · ,kHz]</label>
						<textcolor>99white</textcolor>
					  <shadowcolor>99000000</shadowcolor>
						<animation type="Conditional" reversible="false" condition="MusicPlayer.HasNext" loop="true">
							<effect type="fade" start="0" end="100" time="500" delay="0" />
							<effect type="fade" start="100" end="0" time="500" delay="10000" />
							<effect type="fade" start="100" end="0" time="500" delay="20000" />
						</animation>
					</control>
					<control type="label">
						<left>0</left>
						<top>0</top>
						<width>340</width>
						<height>40</height>
						<font>FontSize_16</font>
						<align>left</align>
						<aligny>center</aligny>
					  <label>$LOCALIZE[209]: $INFO[MusicPlayer.offset(1).Title]$INFO[MusicPlayer.offset(1).Artist, (,) ]</label>
						<textcolor>99white</textcolor>
					  <shadowcolor>99000000</shadowcolor>
						<animation type="Conditional" reversible="false" condition="MusicPlayer.HasNext" loop="true">
							<effect type="fade" start="0" end="100" time="500" delay="10500" />
							<effect type="fade" start="100" end="0" time="500" delay="20000" />
						</animation>
					  <visible>MusicPlayer.HasNext</visible>
					</control>
					<control type="label">
					  <right>301</right>
						<top>0</top>
						<width>350</width>
						<height>40</height>
						<font>FontSize_16</font>
						<align>right</align>
						<aligny>center</aligny>
						<label>$INFO[Player.Time(mm:ss)]$INFO[Player.Duration, / ]</label>
						<textcolor>99white</textcolor>
					  <shadowcolor>99000000</shadowcolor>
					</control>
				 </control>
				</control>
		
		    <!-- Info LiveTV -->
				<control type="group">
				 <left>536</left>
				 <top>0</top>
				 <visible>VideoPlayer.Content(LiveTV)</visible>
				 <control type="group">
					<left>0</left>
					<top>245</top>	
					<control type="label">
						<description>Title label</description>
						<left>0</left>
						<top>15</top>
						<height>30</height>
						<width>460</width>
						<label>$INFO[VideoPlayer.ChannelNumber,,. ]$INFO[VideoPlayer.ChannelName]</label>
						<align>left</align>
						<aligny>center</aligny>
						<font>FontSize_30</font>
						<textcolor>white</textcolor>
						<shadowcolor>55000000</shadowcolor>
					</control>
					<control type="label">
						<description>Album Label</description>
						<left>0</left>
						<top>45</top>
						<height>30</height>
						<width>460</width>
					  <label>$INFO[VideoPlayer.Title]</label>
						<align>left</align>
						<aligny>center</aligny>
						<font>FontSize_18</font>
						<textcolor>99white</textcolor>
						<shadowcolor>55000000</shadowcolor>
					</control>
				 </control>
				 <control type="group">
						<left>3</left>
						<top>360</top>
					<control type="label">
						<left>0</left>
						<top>0</top>
						<width>340</width>
						<height>40</height>
						<font>FontSize_16</font>
						<align>left</align>
						<aligny>center</aligny>
		        <label>$INFO[VideoPlayer.NextTitle,[COLOR=white]$LOCALIZE[19031]:[/COLOR] ,]$INFO[VideoPlayer.NextStartTime, (,)]</label>
						<textcolor>99white</textcolor>
					  <shadowcolor>55000000</shadowcolor>
						<animation type="Conditional" reversible="false" condition="Pvr.IsPlayingTv" loop="true">
							<effect type="fade" start="0" end="100" time="500" delay="0" />
							<effect type="fade" start="100" end="0" time="500" delay="10000" />
							<effect type="fade" start="100" end="0" time="500" delay="20000" />
						</animation>
					</control>
					<control type="label">
						<left>0</left>
						<top>0</top>
						<width>340</width>
						<height>40</height>
						<font>FontSize_16</font>
						<align>left</align>
						<aligny>center</aligny>
						<label>$INFO[VideoPlayer.NextStartTime,[COLOR=white]$LOCALIZE[19080][/COLOR] ,]$INFO[VideoPlayer.NextEndTime,  [COLOR=white]$LOCALIZE[19081][/COLOR] ,]</label>
						<textcolor>99white</textcolor>
					  <shadowcolor>55000000</shadowcolor>
						<animation type="Conditional" reversible="false" condition="Pvr.IsPlayingTv" loop="true">
							<effect type="fade" start="0" end="100" time="500" delay="10500" />
							<effect type="fade" start="100" end="0" time="500" delay="20000" />
						</animation>
					  <visible>Pvr.IsPlayingTv</visible>
					</control>
					<control type="label">
					  <right>301</right>
						<top>0</top>
						<width>350</width>
						<height>40</height>
						<font>FontSize_16</font>
						<align>right</align>
						<aligny>center</aligny>
						<label>$INFO[Player.Time(mm:ss)]$INFO[Player.Duration, / ]</label>
						<textcolor>99white</textcolor>
					  <shadowcolor>55000000</shadowcolor>
					</control>
				 </control>
				</control>
		
		
		    <!-- Buttons Controls -->
				<control type="grouplist" id="100">
					<left>541</left>
					<top>398</top>
          <width>505</width>
          <height>50</height>
					<onleft>100</onleft>
					<onright>100</onright>
					<onup>300</onup>
					<ondown>150</ondown>
          <align>left</align>
          <orientation>horizontal</orientation>
          <itemgap>1</itemgap>
				  <visible>!VideoPlayer.Content(LiveTV)</visible>
					<animation effect="slide" start="0,0" end="-63,0" time="0" condition="VideoPlayer.Content(Movies) | VideoPlayer.Content(Episodes)" reversible="true">Conditional</animation>
					<control type="button" id="600">
						<width>61</width>
						<height>50</height>
						<label>-</label>
						<texturefocus>osd/miniplayer/previous_fo.png</texturefocus>
						<texturenofocus>osd/miniplayer/previous_nf.png</texturenofocus>
						<onclick>XBMC.PlayerControl(Previous)</onclick>
					</control>
					<control type="button" id="601">
						<width>62</width>
						<height>50</height>
						<label>-</label>
						<texturefocus>osd/miniplayer/rw_fo.png</texturefocus>
						<texturenofocus>osd/miniplayer/rw_nf.png</texturenofocus>
						<onclick>XBMC.PlayerControl(Rewind)</onclick>
					</control>
					<control type="togglebutton" id="602">
						<width>62</width>
						<height>50</height>
						<label>-</label>
						<texturefocus>osd/miniplayer/pause_fo.png</texturefocus>
						<texturenofocus>osd/miniplayer/pause_nf.png</texturenofocus>
						<usealttexture>Player.Paused | Player.Forwarding | Player.Rewinding</usealttexture>
						<alttexturefocus>osd/miniplayer/play_fo.png</alttexturefocus>
						<alttexturenofocus>osd/miniplayer/play_nf.png</alttexturenofocus>
						<onclick>XBMC.PlayerControl(Play)</onclick>
					</control>
					<control type="button" id="603">
						<width>62</width>
						<height>50</height>
						<label>-</label>
						<texturefocus>osd/miniplayer/stop_fo.png</texturefocus>
						<texturenofocus>osd/miniplayer/stop_nf.png</texturenofocus>
						<onclick>back</onclick>
						<onclick>XBMC.PlayerControl(Stop)</onclick>
					</control>
					<control type="button" id="604">
						<width>62</width>
						<height>50</height>
						<label>-</label>
						<texturefocus>osd/miniplayer/ff_fo.png</texturefocus>
						<texturenofocus>osd/miniplayer/ff_nf.png</texturenofocus>
						<onclick>XBMC.PlayerControl(Forward)</onclick>
					</control>
					<control type="button" id="605">
						<width>62</width>
						<height>50</height>
						<label>-</label>
						<texturefocus>osd/miniplayer/next_fo.png</texturefocus>
						<texturenofocus>osd/miniplayer/next_nf.png</texturenofocus>
						<onclick>XBMC.PlayerControl(Next)</onclick>
					</control>
					<control type="togglebutton" id="608">
						<width>62</width>
						<height>50</height>
						<label>-</label>
						<texturefocus>osd/miniplayer/random_OFF_fo.png</texturefocus>
						<texturenofocus>osd/miniplayer/random_OFF_nf.png</texturenofocus>
						<usealttexture>Playlist.IsRandom</usealttexture>
						<alttexturefocus>osd/miniplayer/random_ON_fo.png</alttexturefocus>
						<alttexturenofocus>osd/miniplayer/random_ON_nf.png</alttexturenofocus>
						<onclick>XBMC.PlayerControl(Random)</onclick>
					  <visible>Player.HasAudio | [Player.HasVideo + [VideoPlayer.Content(Movies) | VideoPlayer.Content(Episodes)]]</visible>
					</control>
					<control type="button" id="607">
						<width>61</width>
						<height>50</height>
						<label>-</label>
						<texturefocus>osd/miniplayer/fullscreen_fo.png</texturefocus>
						<texturenofocus>osd/miniplayer/fullscreen_nf.png</texturenofocus>
						<onclick>FullScreen</onclick>
					  <visible>Player.HasVideo</visible>
					</control>
				</control>
		
		    <!-- Buttons Controls Live TV -->
				<control type="grouplist" id="100">
					<left>541</left>
					<top>398</top>
          <width>505</width>
          <height>50</height>
					<onleft>100</onleft>
					<onright>100</onright>
					<onup>300</onup>
					<ondown>150</ondown>
          <align>left</align>
          <orientation>horizontal</orientation>
          <itemgap>1</itemgap>
				  <visible>VideoPlayer.Content(LiveTV)</visible>
					<control type="button" id="600">
						<width>61</width>
						<height>50</height>
						<label>-</label>
						<texturefocus>osd/miniplayer/channelUP_fo.png</texturefocus>
						<texturenofocus>osd/miniplayer/channelUP_nf.png</texturenofocus>
						<onclick>XBMC.PlayerControl(Previous)</onclick>
					</control>
					<control type="button" id="601">
						<width>62</width>
						<height>50</height>
						<label>-</label>
						<texturefocus>osd/miniplayer/channelDOWN_fo.png</texturefocus>
						<texturenofocus>osd/miniplayer/channelDOWN_nf.png</texturenofocus>
						<onclick>XBMC.PlayerControl(Next)</onclick>
					</control>
					<control type="button" id="602">
						<width>62</width>
						<height>50</height>
						<label>-</label>
						<texturefocus>osd/miniplayer/rw_fo.png</texturefocus>
						<texturenofocus>osd/miniplayer/rw_nf.png</texturenofocus>
						<onclick>XBMC.PlayerControl(Rewind)</onclick>
					  <enable>Player.SeekEnabled</enable>
					  <animation effect="fade" start="100" end="50" time="100" condition="!Player.SeekEnabled">Conditional</animation>
					</control>
					<control type="togglebutton" id="603">
						<width>62</width>
						<height>50</height>
						<label>-</label>
						<texturefocus>osd/miniplayer/pause_fo.png</texturefocus>
						<texturenofocus>osd/miniplayer/pause_nf.png</texturenofocus>
						<usealttexture>Player.Paused | Player.Forwarding | Player.Rewinding</usealttexture>
						<alttexturefocus>osd/miniplayer/play_fo.png</alttexturefocus>
						<alttexturenofocus>osd/miniplayer/play_nf.png</alttexturenofocus>
						<onclick>XBMC.PlayerControl(Play)</onclick>
						<enable>Player.PauseEnabled</enable>
					  <animation effect="fade" start="100" end="50" time="100" condition="!Player.PauseEnabled">Conditional</animation>
					</control>
					<control type="button" id="604">
						<width>62</width>
						<height>50</height>
						<label>-</label>
						<texturefocus>osd/miniplayer/stop_fo.png</texturefocus>
						<texturenofocus>osd/miniplayer/stop_nf.png</texturenofocus>
						<onclick>down</onclick>
						<onclick>XBMC.PlayerControl(Stop)</onclick>
					</control>
					<control type="button" id="605">
						<width>62</width>
						<height>50</height>
						<label>-</label>
						<texturefocus>osd/miniplayer/ff_fo.png</texturefocus>
						<texturenofocus>osd/miniplayer/ff_nf.png</texturenofocus>
						<onclick>XBMC.PlayerControl(Forward)</onclick>
					  <enable>Player.SeekEnabled</enable>
					  <animation effect="fade" start="100" end="50" time="100" condition="!Player.SeekEnabled">Conditional</animation>
					</control>
					<control type="togglebutton" id="606">
						<width>62</width>
						<height>50</height>
						<label>-</label>
						<texturefocus>osd/miniplayer/rec_fo.png</texturefocus>
						<texturenofocus>osd/miniplayer/rec_nf.png</texturenofocus>
						<onclick>XBMC.PlayerControl(Record)</onclick>
						<enable>Player.CanRecord</enable>
					</control>
				</control>
				<control type="image">
					<left>629</left>
					<top>482</top>
					<width>25</width>
					<height>22</height>
				  <colordiffuse>99ffffff</colordiffuse>
					<texture>buttons/arrow.png</texture>
					<animation type="Conditional" condition="true" pulse="true">
					  <effect type="fade" start="0" end="100" delay="1000" time="1000"  />
						<effect type="slide" start="0,0" end="0,4" tween="sine" easing="inout" delay="1000" time="1000" />
					</animation>
			  </control>
			</control>

		</control>
	</controls>
</window>


