<?xml version="1.0" encoding="UTF-8"?>
<window  type="dialog">
	<defaultcontrol>101</defaultcontrol>
  
  
	<controls>

		<control type="group" id="100">
		
		 <control type="group">
				<include>FanartFade</include>
				<control type="image">
					<description>GlobalSearch Fanart</description>
				  <include>FullscreenDimensions</include>
					<texture background="true">$VAR[GlobalSearchFanart]</texture>
					<fadetime>250</fadetime>
				  <visible>!Skin.HasSetting(HideBGFanart)</visible>
				</control>
				<control type="image">
				  <description>Vignette</description>
				  <include>FullscreenDimensions</include>
				  <texture background="true">windows/bg/bg_vignette.png</texture>
					<fadetime>250</fadetime>
				</control>
				<control type="image">
				  <description>Vignette</description>
				  <include>FullscreenDimensions</include>
				  <texture background="true">windows/bg/bg_overlay.png</texture>
					<fadetime>250</fadetime>
          <colordiffuse>ddFFFFFF</colordiffuse>
				  <visible>!Skin.HasSetting(HideBGFanart)</visible>
				</control>
		 </control>
		
		 <control type="group" id="101">
        <include>DialogZoomInOutAnimation</include>
			  <visible>!Window.IsVisible(AddonSettings)</visible>
			  <animation type="Conditional" condition="!IsEmpty(Control.GetLabel(190)) | Control.HasFocus(9111) | Window.IsActive(script-globalsearch-contextmenu.xml)">
			     <effect type="slide" start="0" end="100" time="300" tween="sine" easing="out" />
			  </animation>
				<!-- Movies -->
				<control type="group" id="119">
					<width>750</width>
					<height>530</height>
					<control type="label" id="110">
						<!-- Hide this Control and use the list to pass the label -->
						<label>-</label>
						<visible>false</visible>
					</control>
					<control type="fixedlist" id="111">
						<visible>Container(9111).HasFocus(1)</visible>
				    <include>OpenCloseSlideAnimation</include>
						<left>270</left>
						<top>110</top>
						<width>750</width>
						<height>520</height>
						<onleft>9111</onleft>
						<onright>9111</onright>
						<onup>111</onup>
						<ondown>111</ondown>
						<focusposition>2</focusposition>
						<movement>2</movement>
						<wraparound>true</wraparound>
				    <scrolltime tween="Quadratic" easing="out">300</scrolltime>
						<itemlayout width="560" height="65">
							<control type="label">
								<left>40</left>
								<width>550</width>
								<font>FontSize_22</font>
								<textcolor>white</textcolor>
								<shadowcolor>77000000</shadowcolor>
								<align>left</align>
								<label>$INFO[ListItem.Label]</label>
							</control>
							<control type="label">
								<left>40</left>
								<top>23</top>
								<width>550</width>
								<font>FontSize_20</font>
								<textcolor>88white</textcolor>
								<shadowcolor>77000000</shadowcolor>
								<align>left</align>
								<label>$INFO[ListItem.Property(Genre)]</label>
							</control>
							<control type="image">
								<left>585</left>
								<top>15</top>
								<width>128</width>
								<height>22</height>
								<texture fallback="rating/rating0.png">$INFO[ListItem.Property(StarRating),rating/,]</texture>
								<aspectratio align="right">keep</aspectratio>
								<animation effect="fade" end="80" time="0" condition="true">Conditional</animation>
							</control>
						</itemlayout>
						<focusedlayout width="560" height="265">
							<control type="group">
				        <include>BannerListFocusAnimation</include>
				        <include>BannersView_Panel</include>
								<control type="image">
    							<left>18</left>
    							<top>18</top>
    							<width>153</width>
    							<height>217</height>
									<texture fallback="thumbs/fallback_poster_tp.png">$INFO[ListItem.Property(Icon)]</texture>
									<aspectratio align="center" aligny="center">stretch</aspectratio>
									<bordertexture border="6">thumbs/thumb_border.png</bordertexture>
									<bordersize>6</bordersize>
								</control>
								<control type="image">
    							<left>18</left>
    							<top>18</top>
    							<width>153</width>
    							<height>217</height>
									<texture>overlays/unwatched/thumbs/UnWatched_Poster.png</texture>
									<aspectratio align="center" aligny="center">stretch</aspectratio>
									<bordersize>6</bordersize>
									<visible>!IntegerGreaterThan(ListItem.Property(PlayCount),0)</visible>
								</control>
								<control type="image">
									<left>585</left>
									<top>207</top>
									<width>128</width>
									<height>22</height>
									<aspectratio align="right">keep</aspectratio>
									<texture fallback="rating/rating0.png">$INFO[ListItem.Property(StarRating),rating/,]</texture>
								</control>
								<control type="label">
									<left>180</left>
									<top>22</top>
									<width>530</width>
									<font>FontSize_26</font>
									<textcolor>white</textcolor>
						      <shadowcolor>99000000</shadowcolor>
									<align>left</align>
									<label>$INFO[ListItem.Label]</label>
								</control>
								<control type="label">
									<left>180</left>
									<top>44</top>
									<width>520</width>
									<font>FontSize_20</font>
									<textcolor>99white</textcolor>
						      <shadowcolor>99000000</shadowcolor>
									<align>left</align>
									<label>$INFO[ListItem.Property(Genre)]</label>
								</control>
								<control type="textbox" id="4">
    							<left>180</left>
    							<top>73</top>
    							<width>535</width>
    							<height>120</height>
    							<font>TextboxFont_20</font>
    							<textcolor>99white</textcolor>
    				      <shadowcolor>99000000</shadowcolor>
								  <align>justify</align>
									<label fallback="195">$INFO[ListItem.Property(Plot)]</label>
								  <autoscroll delay="8000" time="2000" repeat="8000">Skin.HasSetting(AutoScroll)</autoscroll>
								</control>
								<control type="label">
									<left>180</left>
									<top>207</top>
									<width>380</width>
									<height>22</height>
									<font>FontSize_20</font>
									<textcolor>99white</textcolor>
						      <shadowcolor>99000000</shadowcolor>
									<align>left</align>
                  <label>$INFO[ListItem.Property(Year),, • ]$INFO[ListItem.Property(Rating),,]$INFO[ListItem.Property(Duration), • , $LOCALIZE[12391]]</label>
								</control>
							</control>
						</focusedlayout>
					</control>
				</control>

				<!-- TV Shows -->
				<control type="group" id="129">
					<width>750</width>
					<height>530</height>
					<control type="label" id="120">
						<!-- Hide this Control and use the list to pass the label -->
						<label>-</label>
						<visible>false</visible>
					</control>
					<control type="fixedlist" id="121">
						<visible>Container(9111).HasFocus(2)</visible>
				    <include>OpenCloseSlideAnimation</include>
						<left>270</left>
						<top>110</top>
						<width>750</width>
						<height>520</height>
						<onleft>9111</onleft>
						<onright>9111</onright>
						<onup>121</onup>
						<ondown>121</ondown>
						<focusposition>2</focusposition>
						<movement>2</movement>
						<wraparound>true</wraparound>
				    <scrolltime tween="Quadratic" easing="out">300</scrolltime>
						<itemlayout width="560" height="65">
							<control type="label">
								<left>40</left>
								<width>550</width>
								<font>FontSize_22</font>
								<textcolor>white</textcolor>
								<shadowcolor>77000000</shadowcolor>
								<align>left</align>
								<label>$INFO[ListItem.Label]</label>
							</control>
							<control type="label">
								<left>40</left>
								<top>23</top>
								<width>550</width>
								<font>FontSize_20</font>
								<textcolor>88white</textcolor>
								<shadowcolor>77000000</shadowcolor>
								<align>left</align>
								<label>$INFO[ListItem.Property(Genre)]</label>
							</control>
							<control type="image">
								<left>585</left>
								<top>15</top>
								<width>128</width>
								<height>22</height>
								 <texture fallback="rating/rating0.png">$INFO[ListItem.Property(StarRating),rating/,]</texture>
								<aspectratio align="right">keep</aspectratio>
								<animation effect="fade" end="80" time="0" condition="true">Conditional</animation>
							</control>
						</itemlayout>
						<focusedlayout width="560" height="260">
							<control type="group">
				        <include>BannerListFocusAnimation</include>
				        <include>BannersView_Panel</include>
								<control type="image">
    							<left>18</left>
    							<top>18</top>
    							<width>705</width>
    							<height>123</height>
									<texture fallback="thumbs/fallback_banner_tp.png">$INFO[ListItem.Property(Art(banner))]</texture>
									<aspectratio align="center" aligny="center">stretch</aspectratio>
									<bordertexture border="6">thumbs/thumb_border.png</bordertexture>
									<bordersize>6</bordersize>
								</control>
    						<control type="image">
    							<left>18</left>
    							<top>18</top>
    							<width>705</width>
    							<height>123</height>
    							<aspectratio align="center" aligny="center">stretch</aspectratio>
    							<texture background="true">overlays/unwatched/banners/UnWatched_Banner.png</texture>
    							<bordersize>6</bordersize>
    							<visible>!IntegerGreaterThan(ListItem.Property(PlayCount),0)</visible>
    						</control>
								<control type="image">
								  <left>585</left>
								  <top>205</top>
								  <width>128</width>
								  <height>22</height>
									<aspectratio align="right">keep</aspectratio>
									<texture fallback="rating/rating0.png">$INFO[ListItem.Property(StarRating),rating/,]</texture>
								</control>
								<control type="label">
    							<left>25</left>
    							<top>143</top>
    							<width>690</width>
									<font>FontSize_26</font>
									<textcolor>white</textcolor>
						      <shadowcolor>99000000</shadowcolor>
									<align>left</align>
									<label>$INFO[ListItem.Label]</label>
								</control>
								<control type="label">
    							<left>25</left>
    							<top>165</top>
    							<width>690</width>
									<font>FontSize_20</font>
									<textcolor>99white</textcolor>
						      <shadowcolor>99000000</shadowcolor>
									<align>left</align>
									<label>$INFO[ListItem.Property(Genre)]</label>
								</control>
								<control type="label">
									<left>25</left>
									<top>207</top>
									<width>380</width>
									<height>22</height>
									<font>FontSize_20</font>
									<textcolor>99white</textcolor>
						      <shadowcolor>99000000</shadowcolor>
									<align>left</align>
                  <label>$INFO[ListItem.Property(Year),, • ]$INFO[ListItem.Property(Rating),,]$INFO[ListItem.Property(MPAA), • ,]</label>
								</control>
							</control>
						</focusedlayout>
					</control>
				</control>

				<!-- Seasons (Disabled) -->
				<control type="group" id="139">
					<width>750</width>
					<height>530</height>
					<control type="label" id="130">
						<!-- Hide this Control and use the list to pass the label -->
						<label>-</label>
						<visible>false</visible>
					</control>
					<control type="fixedlist" id="131">
						<visible>false</visible>
					</control>
				</control>

				<!-- Episodes -->
				<control type="group" id="149">
					<width>750</width>
					<height>530</height>
					<control type="label" id="140">
						<!-- Hide this Control and use the list to pass the label -->
						<label>-</label>
						<visible>false</visible>
					</control>
					<control type="fixedlist" id="141">
						<visible>Container(9111).HasFocus(4)</visible>
				    <include>OpenCloseSlideAnimation</include>
						<left>270</left>
						<top>110</top>
						<width>750</width>
						<height>520</height>
						<onleft>9111</onleft>
						<onright>9111</onright>
						<onup>141</onup>
						<ondown>141</ondown>
						<focusposition>2</focusposition>
						<movement>2</movement>
						<wraparound>true</wraparound>
				    <scrolltime tween="Quadratic" easing="out">300</scrolltime>
						<itemlayout width="560" height="65">
							<control type="label">
								<left>40</left>
								<width>550</width>
								<label>$INFO[ListItem..Property(Season),,x]$INFO[ListItem.Property(Episode),,. ]$INFO[ListItem.Label]</label>
								<font>FontSize_22</font>
								<textcolor>white</textcolor>
								<shadowcolor>77000000</shadowcolor>
							</control>
							<control type="label">
								<left>40</left>
								<top>23</top>
								<width>550</width>
								<label>$INFO[ListItem.Property(TvShowTitle)]</label>
								<font>FontSize_20</font>
								<textcolor>88white</textcolor>
								<shadowcolor>77000000</shadowcolor>
							</control>
							<control type="image">
								<left>585</left>
								<top>15</top>
								<width>128</width>
								<height>22</height>
								<texture fallback="rating/rating0.png">$INFO[ListItem.Property(StarRating),rating/,]</texture>
								<aspectratio align="right">keep</aspectratio>
								<animation effect="fade" end="80" time="0" condition="true">Conditional</animation>
							</control>
						</itemlayout>
						<focusedlayout width="560" height="260">
							<control type="group">
				        <include>BannerListFocusAnimation</include>
				        <include>BannersView_Panel</include>
    						<control type="image">
    							<left>18</left>
    							<top>18</top>
    							<width>290</width>
    							<height>182</height>
    							<aspectratio align="center" aligny="top">scale</aspectratio>
    							<texture background="true" fallback="thumbs/fallback_episode_tp.png">$INFO[ListItem.Thumb]</texture>
    							<bordertexture border="20">thumbs/thumb_border.png</bordertexture>
    							<bordersize>6</bordersize>
    						</control>
    						<control type="image">
    							<left>18</left>
    							<top>18</top>
    							<width>290</width>
    							<height>182</height>
    							<texture background="true">overlays/unwatched/banners/UnWatched_Episodes.png</texture>
    							<aspectratio align="center" aligny="center">stretch</aspectratio>
    							<bordersize>6</bordersize>
    							<visible>!IntegerGreaterThan(ListItem.Property(PlayCount),0)</visible>
    						</control>
    						<control type="image">
    							<left>580</left>
    							<top>207</top>
    							<width>128</width>
    							<height>22</height>
    						  <texture fallback="rating/rating0.png">$INFO[ListItem.StarRating,rating/,]</texture>
    							<aspectratio align="right">keep</aspectratio>
    		          <visible>!Stringcompare(ListItem.Label,..)</visible>
    						</control>
    						<control type="label">
    							<left>315</left>
    							<top>22</top>
    							<width>405</width>
    							<font>FontSize_26</font>
    							<textcolor>white</textcolor>
    				      <shadowcolor>99000000</shadowcolor>
    							<align>left</align>
    							<label>$INFO[ListItem.Label]</label>
    						</control>
    						<control type="label">
    							<left>315</left>
    							<top>47</top>
    							<width>400</width>
    							<font>FontSize_20</font>
    							<textcolor>99white</textcolor>
    				      <shadowcolor>99000000</shadowcolor>
    		          <selectedcolor>99white</selectedcolor>
    							<align>left</align>
    							<label>$INFO[ListItem.Property(TvShowTitle),, ]$INFO[ListItem..Property(Season),,x]$INFO[ListItem.Property(Episode)]</label>
    						</control>
    						<control type="textbox" id="4">
    							<left>315</left>
    							<top>76</top>
    							<width>400</width>
    							<height>120</height>
    							<font>TextboxFont_20</font>
    							<textcolor>99white</textcolor>
    				      <shadowcolor>99000000</shadowcolor>
    						  <align>justify</align>
    							<label fallback="195">$INFO[ListItem.Property(Plot)]</label>
    						  <autoscroll delay="8000" time="2000" repeat="8000">Skin.HasSetting(AutoScroll)</autoscroll>
    						</control>
								<control type="label">
									<left>25</left>
									<top>207</top>
									<width>470</width>
									<height>22</height>
									<font>FontSize_20</font>
									<textcolor>99white</textcolor>
						      <shadowcolor>99000000</shadowcolor>
									<align>left</align>
									<label>$INFO[ListItem.Property(Premiered),$LOCALIZE[31003] ]$INFO[ListItem.Property(Rating), • ,]$INFO[ListItem.Property(Duration), • , $LOCALIZE[12391]]</label>
								</control>
							</control>
						</focusedlayout>
					</control>
				</control>

				<!-- Music Videos -->
				<control type="group" id="159">
					<width>750</width>
					<height>530</height>
					<control type="label" id="150">
						<!-- Hide this Control and use the list to pass the label -->
						<label>-</label>
						<visible>false</visible>
					</control>
					<control type="fixedlist" id="151">
						<visible>Container(9111).HasFocus(5)</visible>
				    <include>OpenCloseSlideAnimation</include>
						<left>270</left>
						<top>110</top>
						<width>750</width>
						<height>520</height>
						<onleft>9111</onleft>
						<onright>9111</onright>
						<onup>151</onup>
						<ondown>151</ondown>
						<focusposition>2</focusposition>
						<movement>2</movement>
						<wraparound>true</wraparound>
				    <scrolltime tween="Quadratic" easing="out">300</scrolltime>
						<itemlayout width="560" height="65">
							<control type="label">
								<left>40</left>
								<width>550</width>
								<font>FontSize_22</font>
								<textcolor>white</textcolor>
								<shadowcolor>77000000</shadowcolor>
								<label>$INFO[ListItem.Label]</label>
							</control>
							<control type="label">
								<left>40</left>
								<top>23</top>
								<width>550</width>
								<font>FontSize_20</font>
								<textcolor>88white</textcolor>
								<shadowcolor>77000000</shadowcolor>
								<label>$INFO[ListItem.Property(Artist)]</label>
							</control>
							<control type="image">
								<left>585</left>
								<top>15</top>
								<width>128</width>
								<height>22</height>
								<texture fallback="rating/rating0.png">$INFO[ListItem.Property(StarRating),rating/,]</texture>
								<aspectratio align="right">keep</aspectratio>
								<animation effect="fade" end="80" time="0" condition="true">Conditional</animation>
							</control>
						</itemlayout>
						<focusedlayout width="560" height="260">
							<control type="group">
				        <include>BannerListFocusAnimation</include>
				        <include>BannersView_Panel</include>
    						<control type="image">
    							<left>18</left>
    							<top>18</top>
    							<width>290</width>
    							<height>182</height>
    							<aspectratio align="center" aligny="top">scale</aspectratio>
    							<texture background="true" fallback="thumbs/fallback_episode_tp.png">$INFO[ListItem.Thumb]</texture>
    							<bordertexture border="20">thumbs/thumb_border.png</bordertexture>
    							<bordersize>6</bordersize>
    						</control>
    						<control type="image">
    							<left>18</left>
    							<top>18</top>
    							<width>290</width>
    							<height>182</height>
    							<texture background="true">overlays/unwatched/banners/UnWatched_Episodes.png</texture>
    							<aspectratio align="center" aligny="center">stretch</aspectratio>
    							<bordersize>6</bordersize>
    							<visible>!IntegerGreaterThan(ListItem.Property(PlayCount),0)</visible>
    						</control>
    						<control type="image">
    							<left>580</left>
    							<top>207</top>
    							<width>128</width>
    							<height>22</height>
    						  <texture fallback="rating/rating0.png">$INFO[ListItem.StarRating,rating/,]</texture>
    							<aspectratio align="right">keep</aspectratio>
    		          <visible>!Stringcompare(ListItem.Label,..)</visible>
    						</control>
    						<control type="label">
    							<left>315</left>
    							<top>22</top>
    							<width>405</width>
    							<font>FontSize_26</font>
    							<textcolor>white</textcolor>
    				      <shadowcolor>99000000</shadowcolor>
    							<align>left</align>
    							<label>$INFO[ListItem.Label]</label>
    						</control>
    						<control type="label">
    							<left>315</left>
    							<top>47</top>
    							<width>400</width>
    							<font>FontSize_20</font>
    							<textcolor>99white</textcolor>
    				      <shadowcolor>99000000</shadowcolor>
    		          <selectedcolor>99white</selectedcolor>
    							<align>left</align>
									<label>$INFO[ListItem.Property(Artist)]</label>
    						</control>
    						<control type="textbox" id="4">
    							<left>315</left>
    							<top>76</top>
    							<width>400</width>
    							<height>120</height>
    							<font>TextboxFont_20</font>
    							<textcolor>99white</textcolor>
    				      <shadowcolor>99000000</shadowcolor>
    						  <align>justify</align>
    							<label fallback="195">$INFO[ListItem.Property(Plot)]</label>
    						  <autoscroll delay="8000" time="2000" repeat="8000">Skin.HasSetting(AutoScroll)</autoscroll>
    						</control>
								<control type="label">
									<left>25</left>
									<top>207</top>
									<width>470</width>
									<height>22</height>
									<font>FontSize_20</font>
									<textcolor>99white</textcolor>
						      <shadowcolor>99000000</shadowcolor>
									<align>left</align>
                  <label>$INFO[ListItem.Property(Year),, • ]$INFO[ListItem.Property(Rating),,]$INFO[ListItem.Property(Duration), • , $LOCALIZE[12391]]</label>
								</control>
							</control>
						</focusedlayout>
					</control>
				</control>

				<!-- Artists -->
				<control type="group" id="169">
					<width>750</width>
					<height>530</height>
					<control type="label" id="160">
						<!-- Hide this Control and use the list to pass the label -->
						<label>-</label>
						<visible>false</visible>
					</control>
					<control type="fixedlist" id="161">
						<visible>Container(9111).HasFocus(6)</visible>
				    <include>OpenCloseSlideAnimation</include>
						<left>270</left>
						<top>110</top>
						<width>750</width>
						<height>520</height>
						<onleft>9111</onleft>
						<onright>9111</onright>
						<onup>161</onup>
						<ondown>161</ondown>
						<focusposition>2</focusposition>
						<movement>2</movement>
						<wraparound>true</wraparound>
				    <scrolltime tween="Quadratic" easing="out">300</scrolltime>
						<itemlayout width="560" height="65">
							<control type="label">
								<left>40</left>
								<width>550</width>
								<font>FontSize_22</font>
								<textcolor>white</textcolor>
								<shadowcolor>77000000</shadowcolor>
								<label>$INFO[ListItem.Label]</label>
							</control>
							<control type="label">
								<left>40</left>
								<top>23</top>
								<width>550</width>
								<font>FontSize_20</font>
								<textcolor>88white</textcolor>
								<shadowcolor>77000000</shadowcolor>
								<label>$INFO[ListItem.Property(Artist_Genre)]</label>
							</control>
						</itemlayout>
						<focusedlayout width="560" height="260">
							<control type="group">
				        <include>BannerListFocusAnimation</include>
				        <include>BannersView_Panel</include>
								<control type="image">
    							<left>18</left>
    							<top>18</top>
    							<width>220</width>
    							<height>217</height>
									<texture fallback="thumbs/fallback_square_tp.png">$INFO[ListItem.Thumb]</texture>
									<aspectratio align="center" aligny="center">scale</aspectratio>
									<bordertexture border="6">thumbs/thumb_border.png</bordertexture>
									<bordersize>6</bordersize>
								</control>
								<control type="label">
									<left>245</left>
									<top>22</top>
									<width>475</width>
									<font>FontSize_26</font>
									<textcolor>white</textcolor>
						      <shadowcolor>99000000</shadowcolor>
									<align>left</align>
									<label>$INFO[ListItem.Label]</label>
								</control>
								<control type="label">
									<left>245</left>
									<top>47</top>
									<width>475</width>
									<font>FontSize_20</font>
									<textcolor>99white</textcolor>
						      <shadowcolor>99000000</shadowcolor>
									<align>left</align>
									<label>$INFO[ListItem.Property(Artist_Genre)]</label>
								</control>
								<control type="textbox" id="4">
    							<left>245</left>
    							<top>77</top>
    							<width>470</width>
    							<height>120</height>
    						  <align>justify</align>
    							<font>TextboxFont_20</font>
    							<textcolor>99white</textcolor>
    				      <shadowcolor>99000000</shadowcolor>
									<label fallback="195">$INFO[ListItem.Property(Artist_Description)]</label>
								  <autoscroll delay="8000" time="2000" repeat="8000">Skin.HasSetting(AutoScroll)</autoscroll>
								</control>
								<control type="label">
									<left>245</left>
									<top>207</top>
									<width>470</width>
									<height>22</height>
									<font>FontSize_20</font>
									<textcolor>99white</textcolor>
						      <shadowcolor>99000000</shadowcolor>
									<align>left</align>
                  <label>$INFO[ListItem.Property(Artist_YearsActive),$LOCALIZE[21898]  ]</label>
								</control>
							</control>
						</focusedlayout>
					</control>
				</control>

				<!-- Albums -->	
				<control type="group" id="179">
					<width>750</width>
					<height>530</height>
					<control type="label" id="170">
						<!-- Hide this Control and use the list to pass the label -->
						<label>-</label>
						<visible>false</visible>
					</control>
					<control type="fixedlist" id="171">
						<visible>Container(9111).HasFocus(7)</visible>
				    <include>OpenCloseSlideAnimation</include>
						<left>270</left>
						<top>110</top>
						<width>750</width>
						<height>520</height>
						<onleft>9111</onleft>
						<onright>9111</onright>
						<onup>171</onup>
						<ondown>171</ondown>
						<focusposition>2</focusposition>
						<movement>2</movement>
						<wraparound>true</wraparound>
				    <scrolltime tween="Quadratic" easing="out">300</scrolltime>
						<itemlayout width="560" height="65">
							<control type="label">
								<left>40</left>
								<width>550</width>
								<label>$INFO[ListItem.Label]</label>
								<font>FontSize_22</font>
								<textcolor>white</textcolor>
								<shadowcolor>77000000</shadowcolor>
							</control>
							<control type="label">
								<left>40</left>
								<top>23</top>
								<width>550</width>
								<label>$INFO[ListItem.Property(Artist)]</label>
								<font>FontSize_20</font>
								<textcolor>88white</textcolor>
								<shadowcolor>77000000</shadowcolor>
							</control>
							<control type="image">
								<left>585</left>
								<top>15</top>
								<width>128</width>
								<height>22</height>
								<texture fallback="rating/rating0.png">$INFO[ListItem.Property(StarRating),rating/,]</texture>
								<aspectratio align="right">keep</aspectratio>
								<animation effect="fade" end="80" time="0" condition="true">Conditional</animation>
							</control>
						</itemlayout>
						<focusedlayout width="560" height="260">
							<control type="group">
				        <include>BannerListFocusAnimation</include>
				        <include>BannersView_Panel</include>
								<control type="image">
    							<left>18</left>
    							<top>18</top>
    							<width>220</width>
    							<height>217</height>
									<texture fallback="thumbs/fallback_square_tp.png">$INFO[ListItem.Thumb]</texture>
									<aspectratio align="center" aligny="center">scale</aspectratio>
									<bordertexture border="6">thumbs/thumb_border.png</bordertexture>
									<bordersize>6</bordersize>
								</control>
								<control type="image">
									<left>585</left>
									<top>207</top>
									<width>128</width>
									<height>22</height>
								  <texture fallback="rating/rating0.png">$INFO[ListItem.Property(StarRating),rating/,]</texture>
									<aspectratio align="right">keep</aspectratio>
								</control>
								<control type="label">
									<left>245</left>
									<top>22</top>
									<width>475</width>
									<font>FontSize_26</font>
									<textcolor>white</textcolor>
						      <shadowcolor>99000000</shadowcolor>
									<align>left</align>
									<label>$INFO[ListItem.Label]</label>
								</control>
								<control type="label">
									<left>245</left>
									<top>47</top>
									<width>475</width>
									<font>FontSize_20</font>
									<textcolor>99white</textcolor>
						      <shadowcolor>99000000</shadowcolor>
									<align>left</align>
									<label>$INFO[ListItem.Property(Artist)]</label>
								</control>
								<control type="textbox" id="4">
    							<left>245</left>
    							<top>77</top>
    							<width>470</width>
    							<height>120</height>
    						  <align>justify</align>
    							<font>TextboxFont_20</font>
    							<textcolor>99white</textcolor>
    				      <shadowcolor>99000000</shadowcolor>
									<label fallback="195">$INFO[ListItem.Property(Album_Description)]</label>
								  <autoscroll delay="8000" time="2000" repeat="8000">Skin.HasSetting(AutoScroll)</autoscroll>
								</control>
								<control type="label">
									<left>245</left>
									<top>207</top>
									<width>470</width>
									<height>22</height>
									<font>FontSize_20</font>
									<textcolor>99white</textcolor>
						      <shadowcolor>99000000</shadowcolor>
									<align>left</align>
                  <label>$INFO[ListItem.Property(Year)]$INFO[ListItem.Property(Album_label), • ]</label>
								</control>
							</control>
						</focusedlayout>
					</control>
				</control>
	
				<!-- Songs -->	
				<control type="group" id="189">
					<width>750</width>
					<height>530</height>
					<control type="label" id="180">
						<!-- Hide this Control and use the list to pass the label -->
						<label>-</label>
						<visible>false</visible>
					</control>
					<control type="fixedlist" id="181">
						<visible>Container(9111).HasFocus(8)</visible>
				    <include>OpenCloseSlideAnimation</include>
						<left>270</left>
						<top>110</top>
						<width>750</width>
						<height>520</height>
						<onleft>9111</onleft>
						<onright>9111</onright>
						<onup>181</onup>
						<ondown>181</ondown>
						<focusposition>2</focusposition>
						<movement>2</movement>
						<wraparound>true</wraparound>
				    <scrolltime tween="Quadratic" easing="out">300</scrolltime>
						<itemlayout width="560" height="65">
							<control type="label">
								<left>40</left>
								<width>550</width>
								<label>$INFO[ListItem.Label]</label>
								<font>FontSize_22</font>
								<textcolor>white</textcolor>
								<shadowcolor>77000000</shadowcolor>
							</control>
							<control type="label">
								<left>40</left>
								<top>23</top>
								<width>550</width>
								<label>$INFO[ListItem.Property(Album)]</label>
								<font>FontSize_20</font>
								<textcolor>88white</textcolor>
								<shadowcolor>77000000</shadowcolor>
							</control>
							<control type="image">
								<left>585</left>
								<top>15</top>
								<width>128</width>
								<height>22</height>
								<texture fallback="rating/rating0.png">$INFO[ListItem.Property(StarRating),rating/,]</texture>
								<aspectratio align="right">keep</aspectratio>
								<animation effect="fade" end="80" time="0" condition="true">Conditional</animation>
							</control>
						</itemlayout>
						<focusedlayout width="560" height="260">
							<control type="group">
				        <include>BannerListFocusAnimation</include>
				        <include>BannersView_Panel</include>
								<control type="image">
    							<left>18</left>
    							<top>18</top>
    							<width>220</width>
    							<height>217</height>
									<texture fallback="thumbs/fallback_square_tp.png">$INFO[ListItem.Thumb]</texture>
									<aspectratio align="center" aligny="center">scale</aspectratio>
									<bordertexture border="6">thumbs/thumb_border.png</bordertexture>
									<bordersize>6</bordersize>
								</control>
								<control type="image">
									<left>585</left>
									<top>207</top>
									<width>128</width>
									<height>22</height>
								  <texture fallback="rating/rating0.png">$INFO[ListItem.Property(StarRating),rating/,]</texture>
									<aspectratio align="right">keep</aspectratio>
								</control>
								<control type="label">
									<left>245</left>
									<top>22</top>
									<width>475</width>
									<font>FontSize_26</font>
									<textcolor>white</textcolor>
						      <shadowcolor>99000000</shadowcolor>
									<align>left</align>
									<label>$INFO[ListItem.Label]</label>
								</control>
								<control type="label">
									<left>245</left>
									<top>47</top>
									<width>475</width>
									<font>FontSize_20</font>
									<textcolor>99white</textcolor>
						      <shadowcolor>99000000</shadowcolor>
									<align>left</align>
									<label>$INFO[ListItem.Property(Album)] $INFO[ListItem.Property(Year), (,)]</label>
								</control>
								<control type="textbox" id="4">
    							<left>245</left>
    							<top>77</top>
    							<width>470</width>
    							<height>120</height>
    						  <align>justify</align>
    							<font>TextboxFont_20</font>
    							<textcolor>99white</textcolor>
    				      <shadowcolor>99000000</shadowcolor>
									<label fallback="195">$INFO[ListItem.Property(Comment)]</label>
								  <autoscroll delay="8000" time="2000" repeat="8000">Skin.HasSetting(AutoScroll)</autoscroll>
								</control>
								<control type="label">
									<left>245</left>
									<top>207</top>
									<width>470</width>
									<height>22</height>
									<font>FontSize_20</font>
									<textcolor>99white</textcolor>
						      <shadowcolor>99000000</shadowcolor>
									<align>left</align>
                  <label>$INFO[ListItem.Property(Track),$LOCALIZE[554] #0,]$INFO[ListItem.Property(Duration), • , $LOCALIZE[12391]]</label>
							    <visible>!IntegerGreaterThan(ListItem.Property(Track),9)</visible>
								</control>
								<control type="label">
									<left>245</left>
									<top>207</top>
									<width>470</width>
									<height>22</height>
									<font>FontSize_20</font>
									<textcolor>99white</textcolor>
						      <shadowcolor>99000000</shadowcolor>
									<align>left</align>
                  <label>$INFO[ListItem.Property(Track),$LOCALIZE[554] #,]$INFO[ListItem.Property(Duration), • , $LOCALIZE[12391]]</label>
							    <visible>IntegerGreaterThan(ListItem.Property(Track),9)</visible>
								</control>
							</control>
						</focusedlayout>
					</control>
				</control>
		 </control>
	   
		 <!-- ================ -->
		 <!-- Top Content Info -->
		 <!-- ================ -->
		 <control type="group">
				<left>105</left>
				<top>25</top>
		    <include>OpenCloseSlideAnimation</include>
		    <include>VisibleHiddenSlideAnimation</include>
				<include>ShutdownMenuAnimation</include>
			  <visible>![Window.IsActive(script-globalsearch-infodialog.xml) | Window.IsActive(script-globalsearch-contextmenu.xml) | Window.IsActive(favourites)]</visible>
			  <animation type="Conditional" condition="!Control.HasFocus(9111) + !Control.IsVisible(199) + Control.IsVisible(198) | Window.IsActive(AddonSettings)">
			     <effect type="slide" start="0" end="-60" time="350" tween="sine" easing="inout"/>
			  </animation>  
				<control type="grouplist">
					<left>0</left>
					<top>0</top>
					<height>70</height>
					<width>1000</width>
					<align>left</align>
					<itemgap>10</itemgap>
					<orientation>horizontal</orientation>
					<control type="label">
					  <include>TopBigLabel</include>
					  <label>$LOCALIZE[284]</label>
						<visible>Control.IsVisible(199)</visible>
					</control>
					<control type="label">
					  <include>TopBigLabel</include>
						<label>$LOCALIZE[283]:</label>
					  <visible>IsEmpty(Control.GetLabel(190)) + !Control.IsVisible(199)</visible>
					</control>
					<control type="label">
					  <include>TopBigLabel</include>
						<label>$INFO[Container(9111).ListItem.Label]</label>
					  <visible>IsEmpty(Control.GetLabel(190)) + !Control.IsVisible(199)</visible>
					</control>
					<control type="label">
						<label>$LOCALIZE[194] [COLOR=blue]$INFO[Control.GetLabel(191)][/COLOR]</label>
					  <include>TopBigLabel</include>
					  <visible>!IsEmpty(Control.GetLabel(190))</visible>
					</control>
				</control>
		 </control>


		 <include>CommonNowPlaying</include>
		 <include>CommonDialogsFadeOutBG</include>
		 <control type="group">
				<include>OpenCloseSlideAnimation</include>
	      <include>CommonWeatherAndClock</include>
	   </control>
		</control>
	
	
	  <!-- ================ -->
	  <!-- Top Content Menu -->
	  <!-- ================ -->
		<control type="group">
	    <include>OpenCloseSlideAnimation</include>
		  <include>VisibleHiddenSlideAnimation</include>
	    <include>ShutdownMenuAnimation</include>
	    <visible>!Window.IsActive(script-globalsearch-contextmenu.xml) + !Window.IsActive(favourites)</visible>
		  <animation type="Conditional" condition="!Control.HasFocus(9111) + !Control.IsVisible(199) + Control.IsVisible(198) | Window.IsActive(AddonSettings)">
	      <effect type="fade" start="100" end="0" time="250" tween="sine" easing="inout" />
	      <effect type="slide" start="0,0" end="0,-55" time="300" tween="sine" easing="inout" />
		  </animation>					
      <control type="image">
        <left>30</left>
        <top>13</top>
				<width>380</width>
				<height>75</height>
				<texture>dialogs/menus/topmenus_search.png</texture>
        <aspectratio>stretch</aspectratio>
      </control>
      <control type="image">
        <left>30</left>
        <top>88</top>
				<width>360</width>
				<height>37</height>
				<texture border="15">dialogs/menus/topmenus_empty.png</texture>
        <aspectratio>stretch</aspectratio>
				<visible>!Control.IsVisible(198)</visible>
        <animation effect="slide" start="0,0" end="0,37" time="0" condition="Control.IsVisible(119)">Conditional</animation>
        <animation effect="slide" start="0,0" end="0,37" time="0" condition="Control.IsVisible(129)">Conditional</animation>
        <animation effect="slide" start="0,0" end="0,37" time="0" condition="Control.IsVisible(139)">Conditional</animation>
        <animation effect="slide" start="0,0" end="0,37" time="0" condition="Control.IsVisible(149)">Conditional</animation>
        <animation effect="slide" start="0,0" end="0,37" time="0" condition="Control.IsVisible(159)">Conditional</animation>
        <animation effect="slide" start="0,0" end="0,37" time="0" condition="Control.IsVisible(169)">Conditional</animation>
        <animation effect="slide" start="0,0" end="0,37" time="0" condition="Control.IsVisible(179)">Conditional</animation>
        <animation effect="slide" start="0,0" end="0,37" time="0" condition="Control.IsVisible(189)">Conditional</animation>
      </control>
      <control type="image">
        <left>30</left>
        <top>125</top>
				<width>380</width>
				<height>22</height>
				<texture>dialogs/menus/bottom_search.png</texture>
        <aspectratio>stretch</aspectratio>
        <animation effect="slide" start="0,0" end="0,37" time="0" condition="Control.IsVisible(119)">Conditional</animation>
        <animation effect="slide" start="0,0" end="0,37" time="0" condition="Control.IsVisible(129)">Conditional</animation>
        <animation effect="slide" start="0,0" end="0,37" time="0" condition="Control.IsVisible(139)">Conditional</animation>
        <animation effect="slide" start="0,0" end="0,37" time="0" condition="Control.IsVisible(149)">Conditional</animation>
        <animation effect="slide" start="0,0" end="0,37" time="0" condition="Control.IsVisible(159)">Conditional</animation>
        <animation effect="slide" start="0,0" end="0,37" time="0" condition="Control.IsVisible(169)">Conditional</animation>
        <animation effect="slide" start="0,0" end="0,37" time="0" condition="Control.IsVisible(179)">Conditional</animation>
        <animation effect="slide" start="0,0" end="0,37" time="0" condition="Control.IsVisible(189)">Conditional</animation>
      </control>
			<control type="list" id="9111">
				<left>30</left>
				<top>88</top>
				<width>380</width>
				<height>540</height>
				<onleft>100</onleft>
				<onright>100</onright>
				<onup>9111</onup>
				<ondown>9111</ondown>
				<pagecontrol>-</pagecontrol>
				<scrolltime>300</scrolltime>
				<itemlayout height="37" width="380">
		      <control type="image">
		        <left>0</left>
		        <top>0</top>
						<width>360</width>
						<height>37</height>
						<texture border="39,0,39,0">dialogs/menus/topmenus_nf.png</texture>
		        <aspectratio>stretch</aspectratio>
		      </control>
					<control type="label">
						<left>50</left>
						<top>0</top>
						<width>330</width>
						<height>37</height>
						<font>FontSize_22</font>
						<textcolor>77white</textcolor>
					  <shadowcolor>99000000</shadowcolor>
						<align>left</align>
						<aligny>center</aligny>
						<label>$INFO[ListItem.Label]</label>
					</control>
					<control type="label">
						<left>0</left>
						<top>0</top>
						<width>330</width>
						<height>37</height>
						<font>FontSize_22</font>
						<textcolor>77white</textcolor>
					  <shadowcolor>99000000</shadowcolor>
						<align>right</align>
						<aligny>center</aligny>
						<label>$INFO[ListItem.Label2]</label>
					</control>
				</itemlayout>
				<focusedlayout height="37" width="380">
		      <control type="image">
		        <left>0</left>
		        <top>0</top>
						<width>360</width>
						<height>37</height>
						<texture border="39,0,39,0">dialogs/menus/topmenus_fo.png</texture>
		        <aspectratio>stretch</aspectratio>
		      </control>
					<control type="label">
						<left>50</left>
						<top>0</top>
						<width>330</width>
						<height>37</height>
						<font>FontSize_22</font>
						<textcolor>white</textcolor>
					  <shadowcolor>99000000</shadowcolor>
						<align>left</align>
						<aligny>center</aligny>
						<label>$INFO[ListItem.Label]</label>
					</control>
					<control type="label">
						<left>0</left>
						<top>0</top>
						<width>330</width>
						<height>37</height>
						<font>FontSize_22</font>
						<textcolor>white</textcolor>
					  <shadowcolor>99000000</shadowcolor>
						<align>right</align>
						<aligny>center</aligny>
						<label>$INFO[ListItem.Label2]</label>
					</control>
				</focusedlayout>
				<content>
					<item id="1">
						<label>$LOCALIZE[342]</label>
						<label2>$INFO[Control.GetLabel(110)]</label2>
						<onclick>noop</onclick>
						<visible>Control.IsVisible(119)</visible>
					</item>
					<item id="2">
						<label>$LOCALIZE[20343]</label>
						<label2>$INFO[Control.GetLabel(120)]</label2>
						<onclick>noop</onclick>
						<visible>Control.IsVisible(129)</visible>
					</item>
					<item id="3">
						<label>$LOCALIZE[33054]</label>
						<label2>$INFO[Control.GetLabel(130)]</label2>
						<onclick>noop</onclick>
						<visible>Control.IsVisible(139)</visible>
					</item>
					<item id="4">
						<label>$LOCALIZE[20360]</label>
						<label2>$INFO[Control.GetLabel(140)]</label2>
						<onclick>noop</onclick>
						<visible>Control.IsVisible(149)</visible>
					</item>
					<item id="5">
						<label>$LOCALIZE[20389]</label>
						<label2>$INFO[Control.GetLabel(150)]</label2>
						<onclick>noop</onclick>
						<visible>Control.IsVisible(159)</visible>
					</item>
					<item id="6">
						<label>$LOCALIZE[133]</label>
						<label2>$INFO[Control.GetLabel(160)]</label2>
						<onclick>noop</onclick>
						<visible>Control.IsVisible(169)</visible>
					</item>
					<item id="7">
						<label>$LOCALIZE[132]</label>
						<label2>$INFO[Control.GetLabel(170)]</label2>
						<onclick>noop</onclick>
						<visible>Control.IsVisible(179)</visible>
					</item>
					<item id="8">
						<label>$LOCALIZE[134]</label>
						<label2>$INFO[Control.GetLabel(180)]</label2>
						<onclick>noop</onclick>
						<visible>Control.IsVisible(189)</visible>
					</item>
					<item id="9">
						<label>5</label>
            <onclick>Addon.OpenSettings(script.globalsearch)</onclick>
						<visible>Control.IsVisible(198)</visible>
					</item>
				</content>
			</control>

			<control type="button" id="198">
				<!-- Hide this Control and use the list to pass the label -->
				<left>2000</left>
				<top>2000</top>
				<onup>9111</onup>
				<ondown>9111</ondown>
				<onleft>101</onleft>
				<onright>101</onright>
			</control>
			<control type="label" id="199">
				<!-- Hide this Control and use the list to pass the label -->
				<left>2000</left>
				<top>2000</top>
				<width>0</width>
				<height>0</height>
				<label>-</label>
				<font>-</font>
			</control>
			<control type="label" id="190">
				<!-- Hide this Control and use the list to pass the label -->
				<label>-</label>
				<visible>false</visible>
			</control>
			<control type="label" id="191">
				<!-- Hide this Control and use the list to pass the label -->
				<label>-</label>
				<visible>false</visible>
			</control>
		</control>


		  
	</controls>
</window>
