<window id="5535">
  <defaultcontrol always="true">2000</defaultcontrol>
  <allowoverlay>no</allowoverlay>
  <controls>
	 <control type="group">
	  <include>DialogAnimation</include>
	  <include>DialogSelectBackground</include>
		<control type="label">
			<description>header label</description>
			<left>360</left>
			<top>152</top>
			<width>560</width>
	    <include>DialogsHeaderLabel</include>
			<label>$LOCALIZE[424]</label>
		</control>

		<control type="list" id="2000">
			<left>364</left>
			<top>209</top>
			<width>553</width>
			<height>306</height>
			<onup>2000</onup>
			<ondown>2000</ondown>
			<onleft>2000</onleft>
			<onright>2000</onright>
			<scrolltime tween="quadratic" easing="out">250</scrolltime>
			<itemlayout height="51" width="553">
				<control type="label">
					<left>10</left>
					<top>0</top>
					<width>540</width>
					<height>47</height>
					<font>FontSize_20</font>
					<textcolor>77white</textcolor>
					<selectedcolor>selected</selectedcolor>
					<align>left</align>
					<aligny>center</aligny>
					<label>$INFO[ListItem.Label]</label>
				</control>
				<control type="image">
					<left>0</left>
					<top>0</top>
					<width>553</width>
					<height>47</height>
					<texture>dialogs/selectdialog/selected.png</texture>
    			<visible>ListItem.IsSelected</visible>
				</control>
			</itemlayout>
			<focusedlayout height="51" width="553">
			 <control type="group">
	      <animation effect="slide" start="0,25" end="0,0" time="200" reversible="false" tween="back" easing="out" condition="Container(2000).OnPrevious">focus</animation>
	      <animation effect="slide" start="0,-25" end="0,0" time="200" reversible="false" tween="back" easing="out" condition="Container(2000).OnNext">focus</animation>
				<control type="image">
					<left>0</left>
					<top>0</top>
					<width>553</width>
					<height>47</height>
					<texture>buttons/focus.png</texture>
					<visible>Control.HasFocus(2000)</visible>
				</control>
				<control type="label">
					<left>10</left>
					<top>0</top>
					<width>540</width>
					<height>47</height>
					<font>FontSize_20</font>
					<textcolor>white</textcolor>
					<selectedcolor>selected</selectedcolor>
					<align>left</align>
					<aligny>center</aligny>
					<label>$INFO[ListItem.Label]</label>
          <scroll>true</scroll>
				</control>
				<control type="image">
					<left>0</left>
					<top>0</top>
					<width>553</width>
					<height>47</height>
					<texture>dialogs/selectdialog/selected.png</texture>
    			<visible>ListItem.IsSelected</visible>
				</control>
			 </control>
			</focusedlayout>
		</control>

	 </control>

  </controls>
</window>
