<?xml version="1.0" encoding="UTF-8"?>
<window  id="11">
	<defaultcontrol>8</defaultcontrol>
  
	<controls>
		<control type="videowindow" id="20">
			<description>videowindow</description>
	    <include>FullscreenDimensions</include>
			<visible>Player.HasVideo</visible>
		</control>
		<control type="image">
			<description>Overlay</description>
	    <include>FullscreenDimensions</include>
			<texture background="true">windows/bg/bg_overlay.png</texture>
			<include>OpenCloseFadeEffect</include>
			<visible>Player.HasVideo</visible>
		</control>

		<control type="image">
			<description>Grid 720</description>
	    <include>FullscreenDimensions</include>
		  <texture background="true">dialogs/calibrate/720grid.png</texture>
		  <colordiffuse>AA666666</colordiffuse>
		  <include>OpenCloseFadeEffect</include>
			<visible>!Player.HasVideo</visible>
		</control>
		<control type="group.">
			<visible>!Player.HasVideo</visible>
			<include>BackgroundItems</include>
		</control>

    <control type="group">
			<control type="mover" id="8">
				<description>top left mover</description>
				<posx>0</posx>
				<posy>0</posy>
				<width>128</width>
				<height>128</height>
				<texturefocus>dialogs/calibrate/calibrate_top_fo.png</texturefocus>
				<texturenofocus>dialogs/calibrate/calibrate_top_nf.png</texturenofocus>
		    <include>OpenCloseFadeEffect</include>
			</control>
			<control type="mover" id="9">
				<description>right bottom mover</description>
				<posx>700</posx>
				<posy>500</posy>
				<width>128</width>
				<height>128</height>
				<texturefocus>dialogs/calibrate/calibrate_bottom_fo.png</texturefocus>
				<texturenofocus>dialogs/calibrate/calibrate_bottom_nf.png</texturenofocus>
		    <include>OpenCloseFadeEffect</include>
			</control>
			<control type="mover" id="10">
				<description>subtitle position mover</description>
				<posx>200</posx>
				<posy>500</posy>
				<width>512</width>
				<height>128</height>
				<texturefocus>dialogs/calibrate/calibrate_subtitles_fo.png</texturefocus>
				<texturenofocus>dialogs/calibrate/calibrate_subtitles_nf.png</texturenofocus>
		    <include>OpenCloseFadeEffect</include>
			</control>
			<control type="resize" id="11">
				<description>pixel aspect ratio box</description>
				<posx>0</posx>
				<posy>232</posy>
				<width>256</width>
				<height>256</height>
				<texturefocus>dialogs/calibrate/calibrate_ratio_fo.png</texturefocus>
				<texturenofocus>dialogs/calibrate/calibrate_ratio_nf.png</texturenofocus>
		    <include>OpenCloseFadeEffect</include>
			</control>
		</control>			
		<control type="group">
			<posx>20</posx>
			<posy>80</posy>
	    <include>OpenCloseFadeEffect</include>
			<control type="label" id="2">
				<description>coordinates label</description>
				<posx>0</posx>
				<posy>10</posy>
				<width>1240</width>
				<textcolor>99white</textcolor>
				<shadowcolor>-</shadowcolor>
				<font>FontSize_20B</font>
				<align>center</align>
			</control>
			<control type="label" id="3">
				<description>help information</description>
				<posx>0</posx>
				<posy>40</posy>
				<width>1240</width>
				<textcolor>99white</textcolor>
				<shadowcolor>-</shadowcolor>
				<font>FontSize_20B</font>
				<align>center</align>
				<label>-</label>
			</control>
		</control>
	</controls>
</window>