<?xml version="1.0" encoding="UTF-8"?>
<window  id="122">
	<defaultcontrol always="true">100</defaultcontrol>
	<controls>
	<control type="button" id="100">
		<include>TopButton</include>
    <onfocus>SetFocus(2)</onfocus>
    <animation effect="fade" start="0" end="100" time="0" delay="50">Focus</animation>
  </control>
	<control type="group">
		<include>DialogAnimation</include>
	  <control type="image">
			<left>347</left>
			<top>138</top>
		  <width>587</width>
		  <height>57</height>
		  <colordiffuse>blue</colordiffuse>
		  <texture background="true" border="9">dialogs/other/header.png</texture>
	  </control>
	  <control type="image">
			<left>347</left>
			<top>192</top>
		  <width>587</width>
		  <height>341</height>
		  <texture background="true" border="39,19,39,19">dialogs/other/body.png</texture>
	  </control>
		<control type="image">
			<description>background image</description>
			<include>FullscreenDimensions</include>
			<texture background="true">dialogs/profiles/bg_locksettings.png</texture>
		</control>
		<control type="image">
      <include>FullscreenDimensions</include>
			<texture background="true">dialogs/profiles/locksettings_lines.png</texture>
			<visible>!Control.IsVisible(4)</visible>
		</control>
		<control type="image">
			<left>349</left>
			<top>191</top>
			<width>583</width>
			<height>4</height>
			<aspectratio>stretch</aspectratio>
			<texture background="true">dialogs/other/header_line.png</texture>
		</control>
		<control type="label" id="3">
			<description>header label</description>
			<left>360</left>
			<top>152</top>
			<width>560</width>
	    <include>DialogsHeaderLabel</include>
		</control>
		<control type="label">
			<description>Page Count Label</description>
			<left>370</left>
			<top>160</top>
			<width>553</width>
			<height>35</height>
			<font>FontSize_16B</font>
			<textcolor>88white</textcolor>
  		<shadowcolor>99000000</shadowcolor>
			<scroll>false</scroll>
			<align>right</align>
			<aligny>center</aligny>
			<label>$VAR[ContainerNumItems]</label>
		</control>
		<control type="label" id="4">
			<description>No Settings Label</description>
			<posx>320</posx>
			<posy>180</posy>
			<width>640</width>
			<height>352</height>
			<textcolor>77white</textcolor>
			<align>center</align>
			<label>$LOCALIZE[13389]</label>
			<font>FontSize_20</font>
		</control>
		<control type="list" id="2">
			<posx>364</posx>
			<posy>209</posy>
			<width>553</width>
			<height>306</height>
			<onleft>Close</onleft>
			<onright>Close</onright>
			<onup>2</onup>
			<ondown>2</ondown>
		  <scrolltime tween="Cubic" easing="Out">250</scrolltime>
			<itemlayout height="51" width="558">
				<control type="label">
					<posx>10</posx>
					<posy>0</posy>
					<width>536</width>
					<height>47</height>
					<font>FontSize_20</font>
					<textcolor>77white</textcolor>
					<selectedcolor>selected</selectedcolor>
					<align>left</align>
					<aligny>center</aligny>
					<label>$INFO[ListItem.Label]</label>
				</control>
			</itemlayout>
			<focusedlayout height="51" width="558">
				<control type="image">
					<posx>0</posx>
					<posy>0</posy>
					<width>556</width>
					<height>47</height>
				  <texture>buttons/focus.png</texture>
					<visible>Control.HasFocus(2)</visible>
          <include>ListFocusAnimation</include>
				</control>
				<control type="label">
					<posx>10</posx>
					<posy>0</posy>
					<width>536</width>
					<height>47</height>
					<font>FontSize_20</font>
					<textcolor>white</textcolor>
					<selectedcolor>selected</selectedcolor>
					<align>left</align>
					<aligny>center</aligny>
					<label>$INFO[ListItem.Label]</label>
				</control>
			</focusedlayout>
		</control>
	</control>
	</controls>
</window>
