<?xml version="1.0" encoding="UTF-8" standalone="yes"?>
<addon id="plugin.audio.polish.CAP" name="Chomikuj Audio Player" version="2.2.2" provider-name="SD Team">
	<requires>
		<import addon="xbmc.python" version="2.1.0"/>
		<import addon="script.module.sd-xbmc" version="0.5"/>
	</requires>
	<extension point="xbmc.python.pluginsource" library="cap.py">
		<provides>audio</provides>
	</extension>
	<extension point="xbmc.addon.metadata">
		<summary>Chomikuj Audio Player</summary>
		<description>www.sd-xbmc.org[CR]Wtyczka umożliwiająca łatwy dostęp do plików audio w serwisie CHOMIKUJ.PL</description>
		<platform>all</platform>
		<language>pl en</language>
		<license>GNU GENERAL PUBLIC LICENSE. Version 2, June 1991</license>
		<website>http://sd-xbmc.org</website>
		<forum>http://sd-xbmc.org/pl/forum</forum>
		<source>http://svn.sd-xbmc.org/listing.php?repname=sd-xbmc</source>
		<email>support@sd-xbmc.org</email>
	</extension>
</addon>