<?xml version="1.0" encoding="UTF-8"?>
<addon id="plugin.video.kinolive-pl" version="0.1.6" name="kinolive.pl" provider-name="t0mus">
	<requires>
	    <import addon="xbmc.python" version="2.0"/>
	    <import addon="script.module.t0mus.common" version="1.0.9"/>
	    <import addon="script.module.beautifulsoup" version="3.2.0"/>
	</requires>
	<extension point="xbmc.python.pluginsource" library="kinolive-pl.py">
		<provides>video</provides>
	</extension>
	<extension point="xbmc.addon.metadata">
		<summary>kinolive.pl</summary>
		<description>kinolive.pl</description>
		<platform>all</platform>
	</extension>
</addon>
