<?xml version="1.0" encoding="UTF-8" standalone="yes"?>
<addon id="script.xbmctr" 
	     name="xbmctr Main module" 
	     version="3" 
	     provider-name="xbmcTR.com">
  <requires>
    <import addon="xbmc.python" version="1.0" />
	<import addon="script.module.xbmctr" />
  </requires>
  <extension point="xbmc.python.script" library="default.py">
        <provides>Settings</provides>
  </extension>
  <extension point="xbmc.addon.metadata">
    <platform>all</platform>
    <summary lang="en">some functions for xbmctr team addons</summary>
    <description lang="en">test....</description>    
  </extension>
</addon>
