<?xml version="1.0" encoding="UTF-8" standalone="yes"?>
<addon id="plugin.video.mrtplay" name="MPT Play" version="1.0.0" provider-name="moneymaker">
  <requires>
    <import addon="xbmc.python" version="2.1.0"/>
        <import addon="script.module.beautifulsoup" version="3.2.1"/>
  </requires>
  <extension point="xbmc.python.pluginsource" library="default.py">
        <provides>video</provides>
  </extension>
  <extension point="xbmc.addon.metadata">
    <platform>all</platform>
    <summary lang="en">МТВ on Demand</summary>
    <summary lang="mk">МТВ on Demand</summary>
    <description lang="en">Macedonian Radio Television (MRT) is the public broadcasting organization of the Republic of Macedonia.</description>
    <description lang="mk"></description>
    <disclaimer lang="en">Some parts of this addon may not be legal in your country of residence - please check with your local laws before installing.</disclaimer>
    <disclaimer lang="mk"></disclaimer>
    <source>https://github.com/moneymaker365/plugin.video.mrtplay</source>
  </extension>
</addon>
