<?xml version='1.0' encoding='UTF-8' standalone='yes'?>
<addon id="service.library.data.provider" name="Library Data Provider" provider-name="BigNoid, Martijn" version="0.1.1">
	<requires>
		<import addon="xbmc.addon" version="12.0.0"/>
		<import addon="xbmc.json" version="6.0.0"/>
		<import addon="xbmc.python" version="2.1.0"/>
		<import addon="script.module.simplejson" version="2.0.10"/>
	</requires>
	<extension point="xbmc.python.pluginsource" library="default.py" />
	<extension library="service.py" point="xbmc.service" start="login" />
	<extension point="xbmc.addon.metadata">
		<summary lang="en">Plugin for skins to provide library data throughout the skin.</summary>
		<description lang="en">Plugin for skins to provide library data throughout the skin.</description>
		<disclaimer lang="en">This plugin is not a standalone plugin, your skin must support it.</disclaimer>
		<platform>all</platform>
		<language />
		<license>GNU GENERAL PUBLIC LICENSE Version 2, June 1991</license>
		<forum>http://forum.kodi.tv/showthread.php?tid=210063</forum>
		<website>https://github.com/BigNoid/service.library.data.provider</website>
		<email>big.noid@kodi.tv</email>
		<source>https://github.com/BigNoid/service.library.data.provider</source>
	</extension>
</addon>
