<favourites>
    <favourite name="Genesis Movies" thumb="special://home\addons\plugin.video.genesis\resources/art/4orbs/root_movies.jpg">ActivateWindow(10025,&quot;plugin://plugin.video.genesis/?action=movies_search&amp;query=[%SF%]&quot;)</favourite>
 	<favourite name="Genesis TV" thumb="special://home\addons\plugin.video.genesis\resources/art/4orbs/root_shows.jpg">ActivateWindow(10025,&quot;plugin://plugin.video.genesis/?action=shows_search&amp;query=[%SF%]&quot;)</favourite>
    <favourite name="Genesis Movies (by Actor)" thumb="special://home\addons\plugin.video.genesis\resources/art/4orbs/actors_movies.jpg">ActivateWindow(10025,&quot;plugin://plugin.video.genesis/?action=actors_movies&amp;query=[%SF%]&quot;)</favourite>
 	<favourite name="Genesis TV (by Actor)" thumb="special://home\addons\plugin.video.genesis\resources/art/4orbs/actors_shows.jpg">ActivateWindow(10025,&quot;plugin://plugin.video.genesis/?action=actors_shows&amp;query=[%SF%]&quot;)</favourite>
	<favourite name="Global Search" thumb="special://home\addons\script.globalsearch\icon.png">RunScript(&quot;script.globalsearch&quot;,searchstring:[%SF%])</favourite>
	<favourite name="YouTube" thumb="special://home\addons\plugin.video.youtube\icon.png">ActivateWindow(10025,&quot;plugin://plugin.video.youtube/?feed=search&amp;path=%2froot%2fsearch&amp;search=[%SF%]&quot;)</favourite>
	<favourite name="iPlayer" thumb="special://home\addons\plugin.video.iplayer\resources\media\search.png">ActivateWindow(10025,&quot;plugin://plugin.video.iplayer/?label=[%SF%]&amp;listing=search&amp;tvradio=tv&quot;)</favourite>
	<favourite name="Icefilms" thumb="special://home\addons\plugin.video.icefilms\resources\art\search.png">ActivateWindow(10025,&quot;plugin://plugin.video.icefilms/?mode=5555&amp;name=Search&amp;url=http%3a%2f%2fwww.icefilms.info%2f&amp;nextPage=0&amp;search=[%SF%]&quot;)</favourite>
	<favourite name="1Channel Movies" thumb="special://home\addons\plugin.video.1channel\art\themes\Glossy_Black\search.png">ActivateWindow(10025,&quot;plugin://plugin.video.1channel/?mode=7000&amp;section=movies&amp;query=[%SF%]&quot;)</favourite>
	<favourite name="1Channel TV" thumb="special://home\addons\plugin.video.1channel\art\themes\Glossy_Black\search.png">ActivateWindow(10025,&quot;plugin://plugin.video.1channel/?mode=7000&amp;section=tv&amp;query=[%SF%]&quot;)</favourite>
	<favourite name="Mashup Movies" thumb="https://raw.github.com/mash2k3/MashupArtwork/master/skins/vector/link.png">ActivateWindow(10025,&quot;plugin://plugin.video.movie25/?fanart&amp;genre&amp;iconimage=https%3a%2f%2fraw.github.com%2fmash2k3%2fMashupArtwork%2fmaster%2fskins%2fvector%2flink.png&amp;mode=20&amp;name=[%SF%]&amp;plot&amp;url=Movies&quot;)</favourite>
	<favourite name="Mashup TV" thumb="https://raw.github.com/mash2k3/MashupArtwork/master/skins/vector/link.png">ActivateWindow(10025,&quot;plugin://plugin.video.movie25/?fanart&amp;genre&amp;iconimage=https%3a%2f%2fraw.github.com%2fmash2k3%2fMashupArtwork%2fmaster%2fskins%2fvector%2flink.png&amp;mode=20&amp;name=[%SF%]&amp;plot&amp;url=TV&quot;)</favourite>
	<favourite name="XBMCtorrent" thumb="special://home\addons\plugin.video.xbmctorrent\icon.png">ActivateWindow(10025,&quot;plugin://plugin.video.xbmctorrent/tpb/search?query=[%SF%]&quot;)</favourite>
	<favourite name="MP3 Artists" thumb="http://kinkin-xbmc-repository.googlecode.com/svn/trunk/zips/plugin.audio.mp3streams/art/searchartists.jpg">ActivateWindow(10502,&quot;plugin://plugin.audio.mp3streams/?mode=27&amp;name=[%SF%]&amp;url=url&quot;)</favourite>
	<favourite name="MP3 Albums" thumb="http://kinkin-xbmc-repository.googlecode.com/svn/trunk/zips/plugin.audio.mp3streams/art/searchalbums.jpg">ActivateWindow(10502,&quot;plugin://plugin.audio.mp3streams/?mode=25&amp;name=[%SF%]&amp;url=url&quot;)</favourite>
	<favourite name="MP3 Songs" thumb="http://kinkin-xbmc-repository.googlecode.com/svn/trunk/zips/plugin.audio.mp3streams/art/searchsongs.jpg">ActivateWindow(10502,&quot;plugin://plugin.audio.mp3streams/?mode=26&amp;name=[%SF%]&amp;url=url&quot;)</favourite>
	<favourite name="NoobRoom" thumb="special://home\addons\plugin.video.NoobRoom\icon.png">ActivateWindow(10025,&quot;plugin://plugin.video.NoobRoom/?mode=17&name=[%SF%]&url=search&quot;)</favourite>
	<favourite name="Yify" thumb="special://home\addons/plugin.video.yifymovies.hd/resources/art/Search.png">ActivateWindow(10025,&quot;plugin://plugin.video.yifymovies.hd/?action=movies_search&amp;query=[%SF%]&quot;)</favourite>
</favourites>