<?xml version="1.0" encoding="UTF-8" standalone="yes"?>
<addon id="plugin.program.mele.content" name="COOD-E content" version="1.0.0" provider-name="COOD-E">
  <requires>
    <import addon="xbmc.python" version="2.1.0"/>
    <import addon="script.module.metahandler" version="2.7.0" />
    <import addon="script.module.requests" version="2.3.0" />
  </requires>
  <extension point="xbmc.python.pluginsource" library="default.py">
        <provides>video audio executable</provides>
  </extension>
  <extension point="xbmc.service" library="service.py" start="startup" />
  <extension point="xbmc.addon.metadata">
    <summary lang="en"></summary>
    <description lang="en"></description>
    <platform></platform>
    <language>en</language>
    <license></license>
    <forum></forum>
    <website></website>
    <source></source>
    <email></email>
  </extension>
</addon>