<?xml version="1.0" encoding="UTF-8" standalone="yes"?>
<addon id="plugin.video.parom.tv"
       name="[COLOR ffFFFFFF]PAROM[/COLOR][COLOR ffFF0000].[/COLOR][COLOR ffFFFF00]TV[/COLOR]"
       version="0.0.5"
       provider-name="tolin">
  <requires>
    <import addon="xbmc.python" version="1.0"/>
  </requires>
  <extension point="xbmc.python.pluginsource"
            library="default.py">
        <provides>video</provides>
  </extension>
  <extension point="xbmc.addon.metadata">
    <summary>http://www.parom.tv/</summary>
    <description>http://www.parom.tv/</description>
    <platform>all</platform>
  </extension>
</addon>
