<?xml version="1.0" encoding="UTF-8" standalone="yes"?>
<addon id="script.module.neverwise" name="NeverWise XBMC toolkit" version="1.0.4" provider-name="NeverWise">
  <requires>
    <import addon="xbmc.python" version="2.1.0"/>
    <import addon="script.module.parsedom" version="2.5.2"/>
    <import addon="script.module.beautifulsoup" version="3.2.1"/>
  </requires>
  <extension library="lib" point="xbmc.python.module"/>
  <extension point="xbmc.addon.metadata">
    <platform>all</platform>
    <summary lang="it">Strumenti per i plugins di xbmc.</summary>
    <summary lang="en">Toolkit for xbmc plugins.</summary>
    <description lang="it">Strumenti utilizzati dai componenti aggiuntivi per XBMC del NeverWise repository.</description>
    <description lang="en">Toolkit used in the add-ons for XBMC of the NeverWise repository.</description>
    <language>it</language>
    <license>GNU GENERAL PUBLIC LICENSE. Version 3, 29 June 2007</license>
    <forum></forum>
    <website></website>
    <email></email>
    <source>https://github.com/NeverWise/script.module.neverwise</source>
   </extension>
</addon>
