<?xml version='1.0' encoding='UTF-8'?>
<shortcuts>
	<shortcut>
		<label>19023</label>
		<label2 />
		<defaultID>19023</defaultID>
		<icon />
		<thumb />
		<visible>Skin.HasSetting(ExpertSkinSettings)</visible>
		<action>ActivateWindow(TVChannels)</action>
	</shortcut>
	<shortcut>
		<label>19024</label>
		<label2 />
		<defaultID>19024</defaultID>
		<icon />
		<thumb />
		<visible>Skin.HasSetting(ExpertSkinSettings)</visible>
		<action>ActivateWindow(RadioChannels)</action>
	</shortcut>
	<shortcut>
		<label>19163</label>
		<label2 />
		<defaultID>19163</defaultID>
		<icon />
		<thumb />
		<visible>Skin.HasSetting(ExpertSkinSettings)</visible>
		<action>ActivateWindow(TVRecordings)</action>
	</shortcut>
	<shortcut>
		<label>19040</label>
		<label2 />
		<defaultID>19040</defaultID>
		<icon />
		<thumb />
		<visible>Skin.HasSetting(ExpertSkinSettings)</visible>
		<action>ActivateWindow(TVTimers)</action>
	</shortcut>
	<shortcut>
		<label>19069</label>
		<label2 />
		<defaultID>19069</defaultID>
		<icon />
		<thumb />
		<visible>Skin.HasSetting(ExpertSkinSettings)</visible>
		<action>ActivateWindow(TVGuide)</action>
	</shortcut>
	<shortcut>
		<label>137</label>
		<label2 />
		<defaultID>137</defaultID>
		<icon />
		<thumb />
		<visible>Skin.HasSetting(ExpertSkinSettings)</visible>
		<action>ActivateWindow(TVSearch)</action>
	</shortcut>
</shortcuts>
