<?xml version="1.0" encoding="UTF-8"?>
<addon id="skin.cood-e" version="1.0.0" name="skin.cood-e" provider-name="cood-e">
  <requires>
		<import addon="xbmc.gui" version="5.3.0"/>
    <import addon="weather.yahoo" version="3.0.6"/>
		<import addon="script.tv.show.next.aired" version="6.0.10"/>
		<import addon="script.artwork.downloader" version="12.0.24"/>
		<import addon="script.globalsearch" version="2.0.8"/>
		<import addon="script.artistslideshow" version="1.6.5"/>
		<import addon="script.playalbum" version="1.0.1"/>
    <import addon="service.library.data.provider" version="0.0.1"/>
		<import addon="script.skinshortcuts" version="0.4.4"/>
    <import addon="script.cinema.experience" version="4.0.10"/>
	</requires>
	<extension point="xbmc.gui.skin" defaultthemename="Textures.xbt" effectslowdown="0.75" debugging="false">
	    <res width="1280" height="720" aspect="16:9" default="true" folder="720p"/>
	</extension>
  <extension point="xbmc.addon.metadata">
    <summary lang="de">Ein GUI für das XBMC Media Center</summary>
    <summary lang="el">Ένα Γραφικό Περιβάλλον για το XBMC</summary>
    <summary lang="en">A GUI for XBMC Media Center</summary>
    <summary lang="es">Una interfaz gráfica para XBMC</summary>
    <summary lang="fr">Un thème pour XBMC Media Center</summary>
    <summary lang="gl">Un GUI para Centro de Medios XBMC</summary>
    <summary lang="hu">Felszín az  XBMC Média centerhez</summary>
    <summary lang="it">Un Interfaccia per XBMC Media Center</summary>
    <summary lang="lt">XBMC media centro GUI</summary>
    <summary lang="pl">Graficzny interfejs użytkownika dla XBMC</summary>
    <summary lang="pt">Uma Interface para o Centro de Média XBMC</summary>
    <summary lang="pt_BR">Uma Interface Grática para o XBMC Media Center</summary>
    <summary lang="ru">Обложка для XBMC</summary>
    <summary lang="sv">Ett grafiskt användargränssnitt för XBMC</summary>
    <summary lang="th">ส่วนติดต่อผู้ใช้ สำหรับศูนย์รวมสื่อ XBMC</summary>
    <summary lang="zh">XBMC媒体中心的一个图形用户界面</summary>
    <description lang="en">COOD-E is a GUI for XBMC Media Center based on Bello skin by Nessus. The goal of The COOD-E Box is to maximize your media entertainment experience with it's fast, unique and unified interface along with all the latest features of XBMC.</description>
    <disclaimer lang="de">Maus nicht unterstützt</disclaimer>
    <disclaimer lang="el">Χωρίς υποστήριξη για ποντίκι</disclaimer>
    <disclaimer lang="en">Mouse usage is not supported</disclaimer>
    <disclaimer lang="es">El uso de ratón no esta soportado</disclaimer>
    <disclaimer lang="fr">L'utilisation de la souris n'est pas supportée.</disclaimer>
    <disclaimer lang="gl">Uso do rato non soportado</disclaimer>
    <disclaimer lang="hu">Egér használata nem támogatott</disclaimer>
    <disclaimer lang="it">L'utilizzo del Mouse non è suportato</disclaimer>
    <disclaimer lang="ko">마우스 지원 안 함</disclaimer>
    <disclaimer lang="lt">Pelės naudojimas nepalaikomas</disclaimer>
    <disclaimer lang="pl">Używanie myszki nie jest obsługiwane</disclaimer>
    <disclaimer lang="pt">Não é possível utilizar o rato</disclaimer>
    <disclaimer lang="pt_BR">Uso de mouse não é suportado</disclaimer>
    <disclaimer lang="ru">Использование мыши не поддерживается</disclaimer>
    <disclaimer lang="sv">Att använda musen fungerar inte</disclaimer>
    <disclaimer lang="th">ไม่รองรับการใช้งานด้วยเมาท์</disclaimer>
    <disclaimer lang="zh">不支持使用鼠标</disclaimer>
    <platform>all</platform>
    <license>Creative Commons Attribution-NonCommercial-Share Alike 3.0 Unported License</license>
    <source>https://github.com/Nessus85100/tlbb</source>
    <email>nessus85100 at hotmail dot com</email>
  </extension>
</addon>
