<?xml version="1.0" encoding="UTF-8"?>
<window  id="113">
	<defaultcontrol>-</defaultcontrol>
	<controls>
  <control type="group">
	  <animation type="WindowOpen">
	      <effect type="fade" start="0" end="100" time="300" tween="sine" easing="in"  />
	      <effect type="slide" start="0,-35" end="0,0" time="350" tween="cubic" easing="out" />
	  </animation>
	  <animation type="WindowClose">
	      <effect type="fade" start="100" end="0" time="450" tween="sine" easing="out" />
	      <effect type="slide" start="0,0" end="0,-35" time="500" tween="sine" easing="out" />
	  </animation>
	  <animation type="Visible">
	      <effect type="fade" start="0" end="100" time="250" tween="sine" easing="in"  />
	      <effect type="slide" start="0,-35" end="0,0" time="300" tween="cubic" easing="out" />
	  </animation>
	  <animation type="Hidden">
	      <effect type="fade" start="100" end="0" time="300" tween="sine" easing="out" />
	      <effect type="slide" start="0,0" end="0,-35" time="350" tween="sine" easing="out" />
	  </animation>	
    <visible>!Window.IsActive(volumebar)</visible>
		<posx>1243</posx>
		<posy>7</posy>
		<control type="image">
			<posx>0</posx>
			<posy>0</posy>
			<height>30</height>
			<width>30</width>
	    <align>right</align>
			<aligny>center</aligny>
		  <texture>osd/volume/muted_icon.png</texture>
			<colordiffuse>aaffffff</colordiffuse>
		</control>
	</control>
	</controls>
</window>