<?xml version="1.0" encoding="UTF-8"?>
<includes> 

	<include name="BackgroundWeather">
		<control type="multiimage">
			<include>FullscreenDimensions</include>
			<include>FanartFade</include>
			<imagepath background="true">$INFO[Skin.String(WeatherFanartDir)]$INFO[Window(Weather).Property(Current.FanartCode)]</imagepath>
			<timeperimage>30000</timeperimage>
		  <fadetime>500</fadetime>
		  <randomize>true</randomize>
		  <loop>yes</loop>
			<visible>[Skin.HasSetting(ShowWeatherFanart) + !IsEmpty(Skin.String(WeatherFanartDir))] + Window.IsVisible(weather) | Container(20).HasFocus(8)</visible>
		</control>
	</include>
	
	<include name="BackgroundContent">
		<control type="image">
			<posx>-10</posx>
			<posy>-10</posy>
			<width>1300</width>
			<height>740</height>
			<aspectratio>stretch</aspectratio>
      <texture background="true">windows/bg/black.png</texture>
		</control>
		<control type="image">
			<description>Default Background Image</description>
			<posx>-1</posx>
			<posy>-1</posy>
			<width>1282</width>
			<height>722</height>
			<aspectratio>stretch</aspectratio>
      <texture background="true">special://skin/extras/bg/default.jpg</texture>
			<include>BackgroundFade</include>
			<fadetime>FanartCrossfadeTime</fadetime>
			<visible>![Player.HasVideo + ![Skin.HasSetting(HideBGVideo) | Window.IsVisible(1111)]]</visible>
			<visible>![Player.HasAudio + [[Skin.HasSetting(Vis-Fanart) + !IsEmpty(Player.Art(fanart))] | Skin.HasSetting(Vis-MusicSlideshow) | Skin.HasSetting(Vis-ArtistSlideshow)]]</visible>
		</control>
		<control type="videowindow">
			<description>Video</description>
			<include>FullscreenDimensions</include>
		  <visible>Player.HasVideo + ![Skin.HasSetting(HideBGVideo) | Window.IsVisible(1111)]</visible>
		</control>
		<control type="visualisation">
			<posx>0</posx>
			<posy>0</posy>
			<width>1280</width>
			<height>720</height>
		  <visible>Player.HasAudio + !Skin.HasSetting(Vis-Visualization)</visible>
		</control>
		<control type="image">
	    <include>FullscreenDimensions</include>
	    <fadetime>1000</fadetime>
	    <texture background="true">$INFO[Player.Art(fanart)]</texture>
	    <animation effect="fade" start="100" end="50" time="0" condition="true">Conditional</animation>
		  <animation effect="fade" start="0" end="100" time="1000">Visible</animation>
		  <animation effect="fade" start="100" end="0" time="1000">Hidden</animation>
		  <include condition="Skin.HasSetting(Vis-Animation)">VizBackAnimation</include>
	    <visible>Player.HasAudio + Skin.HasSetting(Vis-Fanart)</visible>
		</control>
		<control type="multiimage">
	    <include>FullscreenDimensions</include>
			<timeperimage>10000</timeperimage>
			<randomize>true</randomize>
      <loop>yes</loop>
			<fadetime>1000</fadetime>
	    <imagepath background="true">$INFO[Window(Home).Property(script.grab.fanart.Music.FanArt)]</imagepath>
	    <animation effect="fade" start="100" end="50" time="0" condition="true">Conditional</animation>
		  <animation effect="fade" start="0" end="100" time="1000">Visible</animation>
		  <animation effect="fade" start="100" end="0" time="1000">Hidden</animation>
		  <include condition="Skin.HasSetting(Vis-Animation)">VizBackAnimation</include>
	    <visible>Player.HasAudio + Skin.HasSetting(Vis-MusicSlideshow)</visible>
		</control>
		<control type="multiimage">
			<aspectratio>keep</aspectratio>
	    <include>FullscreenDimensions</include>
			<timeperimage>10000</timeperimage>
			<randomize>true</randomize>
      <loop>yes</loop>
			<fadetime>1000</fadetime>
			<imagepath background="true">$INFO[Window(Visualisation).Property(ArtistSlideshow)]</imagepath>
			<animation effect="fade" start="100" end="50" time="0" condition="true">Conditional</animation>
			<animation effect="fade" start="0" end="100" time="1000">Visible</animation>
			<animation effect="fade" start="100" end="0" time="1000">Hidden</animation>
			<include condition="Skin.HasSetting(Vis-Animation)">VizBackAnimation</include>
			<visible>Player.HasAudio + Skin.HasSetting(Vis-ArtistSlideshow) + IsEmpty(Window(Visualisation).Property(ArtistSlideshowRefresh))</visible>
		</control>
	  <include condition="[Skin.HasSetting(ShowWeatherFanart) + !IsEmpty(Skin.String(WeatherFanartDir))]">BackgroundWeather</include>
	</include>

	<include name="GlobalFanart">
		<control type="image">
			<description>Global Fanart</description>
			<include>FullscreenDimensions</include>
      <texture background="true">$INFO[ListItem.Art(fanart)]</texture>
			<include>FanartFade</include>
			<fadetime>FanartCrossfadeTime</fadetime>
		  <visible>!Skin.HasSetting(HideBGFanart)</visible>
		  <visible>![Control.IsVisible(55) + ![Window.IsActive(movieinformation) | Window.IsActive(PlayerControls)]] + !Control.IsVisible(580)</visible>
		</control>
		<control type="image">
			<description>Pictures Fanart</description>
		  <aspectratio align="center" aligny="top">scale</aspectratio>
			<include>FullscreenDimensions</include>
      <texture background="true">$INFO[ListItem.FileNameAndPath]</texture>
			<include>FanartFade</include>
			<fadetime>FanartCrossfadeTime</fadetime>
			<visible>Window.IsVisible(Pictures) + Container.HasFiles</visible>
		</control>
		<control type="image">
			<description>TVGuide Fanart</description>
			<include>FullscreenDimensions</include>
			<include>FanartFade</include>
			<fadetime>FanartCrossfadeTime</fadetime>
			<texture background="true">$VAR[TVGuideFanart]</texture>
		  <visible>!Skin.HasSetting(HideTVGuideFanart)</visible>
		</control>
	</include>

	<include name="RecentAndSkinWidgetsFanart">
	  <control type="image">
			<include>FullscreenDimensions</include>
			<texture background="true">$VAR[HomeWidgetsFanart]</texture>
			<include>BackgroundFade</include>
			<fadetime>FanartCrossfadeTime</fadetime>
		  <visible>!Skin.HasSetting(HideBGFanart)</visible>
		</control>
	</include>

	<include name="BackgroundVignette">
	 <control type="image">
		  <description>Vignette</description>
			<include>FullscreenDimensions</include>
			<texture background="true">windows/bg/bg_vignette.png</texture>
	 </control>
   <control type="image">
		  <top>150</top>
			<width>1280</width>
			<height>526</height>
			<aspectratio>stretch</aspectratio>
			<texture background="true">windows/bg/colors_pulse.png</texture>
	    <include>FanartFade</include>
      <visible>Window.IsActive(Home)</visible>
		  <visible>!ControlGroup(22).HasFocus() + !Window.IsActive(1110) + !Window.IsActive(1115) + !Window.IsActive(Favourites) + !Window.IsActive(PlayerControls) + !Window.IsActive(script-globalsearch-main.xml) + !Window.IsActive(script-Actors-DialogInfo.xml) + !Window.IsActive(script-Actors-DialogVideoInfo.xml) + !Window.IsActive(busy.xml) + !Window.IsActive(ProgressDialog) + !Window.IsActive(okdialog) + !Window.IsActive(yesnodialog) + ![Control.HasFocus(81) | Control.HasFocus(82) | Control.HasFocus(83)]</visible>
		</control>
		<control type="image">
			<include>FullscreenDimensions</include>
			<texture background="true">windows/bg/bg_overlay.png</texture>
			<include>FanartFade</include>
      <!-- <colordiffuse>ddFFFFFF</colordiffuse> -->
			<visible>Control.HasFocus(15)
			       | Control.HasFocus(25)
			       | Control.HasFocus(35)
			       | Control.HasFocus(45)
			       | Control.HasFocus(65)
			       | Control.HasFocus(75)
			       | Control.HasFocus(85)
			       | [Control.HasFocus(95) + !Window.IsVisible(systeminfo)]
			       | Control.HasFocus(125)
			       | [Control.IsVisible(57) + !Window.IsVisible(profiles)]
			       | [Control.IsVisible(50) + !Window.IsVisible(musicplaylisteditor) + !Window.IsVisible(profiles)]
			       | Control.IsVisible(560)
			       | Control.IsVisible(561)
			       | [Window.IsActive(PlayerControls) + !Window.IsActive(1111) + ![Skin.HasSetting(DisableQuickNav) + !Player.HasMedia]]
			       | Window.IsActive(movieinformation)
			       | Window.IsActive(musicinformation)
			       | Window.IsActive(songinformation)
			       | Window.IsActive(addoninformation)
			       | [Window.IsActive(script-globalsearch-main.xml) + Skin.HasSetting(HideBGFanart)]
			       | [Window.IsActive(script-Actors-DialogInfo.xml) + !Window.IsActive(movieinformation)]
			       | [Window.IsActive(script-Actors-DialogVideoInfo.xml) + !Window.IsActive(movieinformation)]
			</visible>
	  </control>
<!--
		<control type="image">
			<include>FullscreenDimensions</include>
			<texture background="true">windows/bg/bg_overlay.png</texture>
			<include>FanartFade</include>
      <visible>[Window.IsActive(1111) + !Window.IsActive(busy.xml)]</visible>
	  </control>
-->
	</include>

</includes>