<?xml version="1.0" encoding="UTF-8"?>
<window >
  
	<onload>ClearProperty(TVGuide.MondayList,Home)</onload>
	<onload>ClearProperty(TVGuide.TuesdayList,Home)</onload>
	<onload>ClearProperty(TVGuide.WednesdayList,Home)</onload>
	<onload>ClearProperty(TVGuide.ThursdayList,Home)</onload>
	<onload>ClearProperty(TVGuide.FridayList,Home)</onload>
	<onload>ClearProperty(TVGuide.SaturdayList,Home)</onload>
	<onload>ClearProperty(TVGuide.SundayList,Home)</onload>
	<onload condition="IsEmpty(Skin.String(PreviewThumb))">Skin.SetString(PreviewThumb,1)</onload>
	<controls>
	 <include>BackgroundItems</include>

	 <control type="group">
    <include>OpenCloseSlideAnimation</include>
    <include>VisibleHiddenSlideAnimation</include>
    <include>DialogZoomInOutAnimation</include>
		<visible>!Window.IsActive(addonsettings)</visible>
		<control type="image">
			<description>background image</description>
			<texture background="true">windows/tvguide/bg_half.png</texture>
		  <visible>!Skin.HasSetting(HideExtraInfo)</visible>
		</control>
		<control type="image">
			<description>background image</description>
			<texture background="true">windows/tvguide/bg_full.png</texture>
		  <visible>Skin.HasSetting(HideExtraInfo)</visible>
		</control>

		<control type="group">
			<description>Extra Info</description>
			<left>61</left>
			<top>137</top>
		  <visible>!Skin.HasSetting(HideExtraInfo)</visible>
			<!-- Preview Thumbs -->
			<control type="image">
				<description>BlackBorder</description>
				<left>0</left>
				<top>0</top>
				<width>295</width>
				<height>165</height>
				<aspectratio aligny="center" align="center">stretch</aspectratio>
				<texture background="true" border="10">thumbs/thumb_border.png</texture>
			</control>
			<control type="image">
				<description>Landscape Preview Thumb</description>
				<left>0</left>
				<top>0</top>
				<width>295</width>
				<height>165</height>
        <fadetime>100</fadetime>
				<aspectratio aligny="center" align="center">stretch</aspectratio>
				<texture background="true" fallback="thumbs/fallback_fanart_tp.png">$VAR[TVGuideLandscape]</texture>
				<bordersize>6</bordersize>
				<visible>Stringcompare(Skin.String(PreviewThumb),1)</visible>
			</control>
			<control type="image">
				<description>ClearLogo Preview Thumb</description>
				<left>14</left>
				<top>34</top>
				<width>270</width>
				<height>105</height>
        <fadetime>100</fadetime>
				<aspectratio aligny="center" align="center">keep</aspectratio>
				<texture background="true" fallback="thumbs/fallback_fanart_tp.png">$VAR[TVGuideLogo]</texture>
				<visible>Stringcompare(Skin.String(PreviewThumb),2)</visible>
			</control>
			<control type="image">
				<description>Fanart Preview Thumb</description>
				<left>0</left>
				<top>0</top>
				<width>295</width>
				<height>165</height>
        <fadetime>100</fadetime>
				<aspectratio aligny="center" align="center">stretch</aspectratio>
				<texture background="true" fallback="thumbs/fallback_fanart_tp.png">$VAR[TVGuideFanart]</texture>
				<bordersize>6</bordersize>
				<visible>Stringcompare(Skin.String(PreviewThumb),3)</visible>
			</control>
			<!-- Studio -->
			<control type="image">
				<description>BlackBorder</description>
				<left>1023</left>
				<top>0</top>
				<width>134</width>
				<height>80</height>
				<aspectratio aligny="center" align="center">stretch</aspectratio>
				<texture background="true" border="10">thumbs/thumb_border.png</texture>
				<visible>!Stringcompare(Skin.String(PreviewThumb),3)</visible>
			</control>
			<control type="image">
				<description>Studio</description>
				<left>1023</left>
				<top>0</top>
				<width>134</width>
				<height>80</height>
				<colordiffuse>77ffffff</colordiffuse>
        <fadetime>100</fadetime>
				<aspectratio aligny="center" align="center">stretch</aspectratio>
				<texture background="true" border="6" fallback="flags/studios/fallbackstudio.png">$VAR[TVGuideStudio]</texture>
				<visible>!Stringcompare(Skin.String(PreviewThumb),3)</visible>
			</control>
			<!-- ClearArt -->
			<control type="image">
				<description>clearart</description>
				<left>902</left>
				<top>33</top>
				<width>250</width>
				<height>140</height>
        <fadetime>100</fadetime>
				<colordiffuse>ddffffff</colordiffuse>
				<aspectratio aligny="center" align="right">stretch</aspectratio>
				<texture background="true">$VAR[TVGuideClearart]</texture>
				<visible>Stringcompare(Skin.String(PreviewThumb),3)</visible>
			</control>			
			<!-- Extra Info Labels -->
			<control type="label">
				<left>305</left>
				<top>5</top>
				<width>650</width>
				<height>35</height>
				<label>$VAR[NextAiredLabel]</label>
				<align>left</align>
				<aligny>center</aligny>
				<font>FontSize_36</font>
				<textcolor>white</textcolor>
			</control>
			<control type="label">
				<left>307</left>
				<top>35</top>
				<width>650</width>
				<height>35</height>
				<label>$VAR[NextAiredGenre]</label>
				<align>left</align>
				<aligny>center</aligny>
				<font>FontSize_20</font>
				<textcolor>77white</textcolor>
			</control>
			<control type="grouplist">
				<left>307</left>
				<top>82</top>
				<width>650</width>
        <height>35</height>
			  <orientation>horizontal</orientation>
				<control type="label">
					<width min="10" max="650">auto</width>
					<height>35</height>
					<label>$LOCALIZE[209] $LOCALIZE[20359]:</label>
					<font>FontSize_18B</font>
				  <textcolor>77white</textcolor>
				</control>
				<control type="label">
					<width min="10" max="500">auto</width>
					<height>35</height>
				  <label fallback="195">$VAR[NextAiredNumber,,. ]$VAR[NextAiredTitle]</label>
					<font>FontSize_18</font>
				  <textcolor>77white</textcolor>
				  <scroll>false</scroll>
				</control>
			</control>
			<control type="grouplist">
				<left>307</left>
				<top>107</top>
				<width>650</width>
        <height>35</height>
			  <orientation>horizontal</orientation>
				<control type="label">
					<width min="10" max="650">auto</width>
					<height>35</height>
					<label>$LOCALIZE[31214]:</label>
					<font>FontSize_18B</font>
				  <textcolor>77white</textcolor>
				</control>
				<control type="label">
					<width min="10" max="650">auto</width>
					<height>35</height>
				  <label fallback="195">$VAR[NextAiredDate]$VAR[NextAiredDay,  ]$VAR[NextAiredShortTime, at ]</label>
					<font>FontSize_18</font>
				  <textcolor>77white</textcolor>
				  <scroll>false</scroll>
				  <visible>!Stringcompare(Skin.String(PreviewThumb),2)</visible>
				</control>
				<control type="label">
					<width min="10" max="650">auto</width>
					<height>35</height>
				  <label fallback="195">$VAR[NextAiredDate]$VAR[NextAiredDay,  ]$VAR[NextAiredShortTime, at ]$VAR[NextAiredStudio, on ]</label>
					<font>FontSize_18</font>
				  <textcolor>77white</textcolor>
				  <scroll>false</scroll>
				  <visible>Stringcompare(Skin.String(PreviewThumb),2)</visible>
				</control>
			</control>
			<control type="grouplist">
				<left>307</left>
				<top>132</top>
				<width>650</width>
        <height>35</height>
			  <orientation>horizontal</orientation>
				<control type="label">
					<width min="10" max="650">auto</width>
					<height>35</height>
					<label>$LOCALIZE[2050]:</label>
					<font>FontSize_18B</font>
				  <textcolor>77white</textcolor>
				</control>
				<control type="label">
					<width min="10" max="650">auto</width>
					<height>35</height>
				  <label fallback="195">$VAR[NextAiredRunTime]</label>
					<font>FontSize_18</font>
				  <textcolor>77white</textcolor>
				  <scroll>false</scroll>
				</control>
			</control>

		</control>

		<control type="grouplist" id="2000">
			<left>68</left>
			<top>314</top>
			<width>1145</width>
			<height>660</height>
			<orientation>horizontal</orientation>
			<align>left</align>
			<itemgap>4</itemgap>
			<animation effect="slide" start="0,0" end="0,-168" condition="Skin.HasSetting(HideExtraInfo)">Conditional</animation>
			<control type="group">
				<description>Monday</description>
				<width>160</width>
				<height>320</height>
				<control type="image">
					<left>0</left>
					<top>0</top>
					<width>160</width>
					<height>35</height>
					<texture>buttons/focus.png</texture>
				  <visible>Control.HasFocus(200)</visible>
		 <!-- <colordiffuse>90FFFFFF</colordiffuse> -->
				</control>
				<control type="label">
					<left>0</left>
					<top>0</top>
					<width>160</width>
					<height>35</height>
					<label>$LOCALIZE[11]</label>
					<align>center</align>
					<aligny>center</aligny>
					<font>FontSize_20</font>
					<textcolor>white</textcolor>
				  <visible>Control.HasFocus(200)</visible>
				</control>
				<control type="label">
					<left>0</left>
					<top>0</top>
					<width>160</width>
					<height>35</height>
					<label>$LOCALIZE[11]</label>
					<align>center</align>
					<aligny>center</aligny>
					<font>FontSize_20</font>
					<textcolor>77white</textcolor>
				  <visible>!Control.HasFocus(200)</visible>
				</control>
				<control type="panel" id="200">
					<left>0</left>
					<top>39</top>
					<width>160</width>
	        <include condition="!Skin.HasSetting(HideExtraInfo)">TVGuideLayoutHalf</include>
	        <include condition="Skin.HasSetting(HideExtraInfo)">TVGuideLayoutFull</include>
			    <scrolltime tween="Cubic" easing="Out">350</scrolltime>
					<onup>9000</onup>
					<ondown>200</ondown>
					<onleft>200</onleft>
					<onright>201</onright>
					<include>TVGuideLayout</include>
				</control>
				<control type="image">
					<left>70</left>
					<top>290</top>
					<width>21</width>
					<height>18</height>
					<align>center</align>
					<aligny>center</aligny>
					<texture flipy="true">views/scrollbar/arrow.png</texture>
			    <animation effect="slide" start="0,0" end="0,167" condition="Skin.HasSetting(HideExtraInfo)">Conditional</animation>
					<animation type="Conditional" reversible="false" condition="!Control.HasFocus(200)">
					  <effect type="fade" start="100" end="30" tween="sine" easing="inout" time="300"/>
					</animation>
					<animation type="Conditional" reversible="false" condition="Control.HasFocus(200)" pulse="true">
					  <effect type="fade" start="30" end="100" tween="sine" easing="inout" time="1200"/>
						<effect type="slide" start="0,0" end="0,3" tween="sine" easing="inout" time="1200"/>
					</animation>
				  <visible>Container(200).HasNext</visible>
			  </control>
			</control>
			<control type="group">
				<description>Tuesday</description>
				<width>160</width>
				<height>320</height>
				<control type="image">
					<left>0</left>
					<top>0</top>
					<width>160</width>
					<height>35</height>
					<texture>buttons/focus.png</texture>
				  <visible>Control.HasFocus(201)</visible>
				</control>
				<control type="label">
					<left>0</left>
					<top>0</top>
					<width>160</width>
					<height>35</height>
					<label>$LOCALIZE[12]</label>
					<align>center</align>
					<aligny>center</aligny>
					<font>FontSize_20</font>
					<textcolor>white</textcolor>
				  <visible>Control.HasFocus(201)</visible>
				</control>
				<control type="label">
					<left>0</left>
					<top>0</top>
					<width>160</width>
					<height>35</height>
					<label>$LOCALIZE[12]</label>
					<align>center</align>
					<aligny>center</aligny>
					<font>FontSize_20</font>
					<textcolor>77white</textcolor>
				  <visible>!Control.HasFocus(201)</visible>
				</control>
				<control type="panel" id="201">
					<left>0</left>
					<top>39</top>
					<width>160</width>
	        <include condition="!Skin.HasSetting(HideExtraInfo)">TVGuideLayoutHalf</include>
	        <include condition="Skin.HasSetting(HideExtraInfo)">TVGuideLayoutFull</include>
			    <scrolltime tween="Cubic" easing="Out">350</scrolltime>
					<onup>9000</onup>
					<ondown>201</ondown>
					<onleft>200</onleft>
					<onright>202</onright>
					<include>TVGuideLayout</include>
				</control>
				<control type="image">
					<left>70</left>
					<top>290</top>
					<width>21</width>
					<height>18</height>
					<align>center</align>
					<aligny>center</aligny>
					<texture flipy="true">views/scrollbar/arrow.png</texture>
			    <animation effect="slide" start="0,0" end="0,167" condition="Skin.HasSetting(HideExtraInfo)">Conditional</animation>
					<animation type="Conditional" reversible="false" condition="!Control.HasFocus(201)">
					  <effect type="fade" start="100" end="30" tween="sine" easing="inout" time="300"/>
					</animation>
					<animation type="Conditional" reversible="false" condition="Control.HasFocus(201)" pulse="true">
					  <effect type="fade" start="30" end="100" tween="sine" easing="inout" time="1200"/>
						<effect type="slide" start="0,0" end="0,3" tween="sine" easing="inout" time="1200"/>
					</animation>
				  <visible>Container(201).HasNext</visible>
			  </control>
			</control>
			<control type="group">
				<description>Wednesday</description>
				<width>160</width>
				<height>320</height>
				<control type="image">
					<left>0</left>
					<top>0</top>
					<width>160</width>
					<height>35</height>
					<texture>buttons/focus.png</texture>
				  <visible>Control.HasFocus(202)</visible>
				</control>
				<control type="label">
					<left>0</left>
					<top>0</top>
					<width>160</width>
					<height>35</height>
					<label>$LOCALIZE[13]</label>
					<align>center</align>
					<aligny>center</aligny>
					<font>FontSize_20</font>
					<textcolor>white</textcolor>
				  <visible>Control.HasFocus(202)</visible>
				</control>
				<control type="label">
					<left>0</left>
					<top>0</top>
					<width>160</width>
					<height>35</height>
					<label>$LOCALIZE[13]</label>
					<align>center</align>
					<aligny>center</aligny>
					<font>FontSize_20</font>
					<textcolor>77white</textcolor>
				  <visible>!Control.HasFocus(202)</visible>
				</control>
				<control type="panel" id="202">
					<left>0</left>
					<top>39</top>
					<width>160</width>
	        <include condition="!Skin.HasSetting(HideExtraInfo)">TVGuideLayoutHalf</include>
	        <include condition="Skin.HasSetting(HideExtraInfo)">TVGuideLayoutFull</include>
			    <scrolltime tween="Cubic" easing="Out">350</scrolltime>
					<onup>9000</onup>
					<ondown>202</ondown>
					<onleft>201</onleft>
					<onright>203</onright>
					<include>TVGuideLayout</include>
				</control>
				<control type="image">
					<left>70</left>
					<top>290</top>
					<width>21</width>
					<height>18</height>
					<align>center</align>
					<aligny>center</aligny>
					<texture flipy="true">views/scrollbar/arrow.png</texture>
			    <animation effect="slide" start="0,0" end="0,167" condition="Skin.HasSetting(HideExtraInfo)">Conditional</animation>
					<animation type="Conditional" reversible="false" condition="!Control.HasFocus(202)">
					  <effect type="fade" start="100" end="30" tween="sine" easing="inout" time="300"/>
					</animation>
					<animation type="Conditional" reversible="false" condition="Control.HasFocus(202)" pulse="true">
					  <effect type="fade" start="30" end="100" tween="sine" easing="inout" time="1200"/>
						<effect type="slide" start="0,0" end="0,3" tween="sine" easing="inout" time="1200"/>
					</animation>
				  <visible>Container(202).HasNext</visible>
			  </control>
			</control>
			<control type="group">
				<description>Thursday</description>
				<width>160</width>
				<height>320</height>
				<control type="image">
					<left>0</left>
					<top>0</top>
					<width>160</width>
					<height>35</height>
					<texture>buttons/focus.png</texture>
				  <visible>Control.HasFocus(203)</visible>
				</control>
				<control type="label">
					<left>0</left>
					<top>0</top>
					<width>160</width>
					<height>35</height>
					<label>$LOCALIZE[14]</label>
					<align>center</align>
					<aligny>center</aligny>
					<font>FontSize_20</font>
					<textcolor>white</textcolor>
				  <visible>Control.HasFocus(203)</visible>
				</control>
				<control type="label">
					<left>0</left>
					<top>0</top>
					<width>160</width>
					<height>35</height>
					<label>$LOCALIZE[14]</label>
					<align>center</align>
					<aligny>center</aligny>
					<font>FontSize_20</font>
					<textcolor>77white</textcolor>
				  <visible>!Control.HasFocus(203)</visible>
				</control>
				<control type="panel" id="203">
					<left>0</left>
					<top>39</top>
					<width>160</width>
	        <include condition="!Skin.HasSetting(HideExtraInfo)">TVGuideLayoutHalf</include>
	        <include condition="Skin.HasSetting(HideExtraInfo)">TVGuideLayoutFull</include>
			    <scrolltime tween="Cubic" easing="Out">350</scrolltime>
					<onup>9000</onup>
					<ondown>203</ondown>
					<onleft>202</onleft>
					<onright>204</onright>
					<include>TVGuideLayout</include>
				</control>
				<control type="image">
					<left>70</left>
					<top>290</top>
					<width>21</width>
					<height>18</height>
					<align>center</align>
					<aligny>center</aligny>
					<texture flipy="true">views/scrollbar/arrow.png</texture>
			    <animation effect="slide" start="0,0" end="0,167" condition="Skin.HasSetting(HideExtraInfo)">Conditional</animation>
					<animation type="Conditional" reversible="false" condition="!Control.HasFocus(203)">
					  <effect type="fade" start="100" end="30" tween="sine" easing="inout" time="300"/>
					</animation>
					<animation type="Conditional" reversible="false" condition="Control.HasFocus(203)" pulse="true">
					  <effect type="fade" start="30" end="100" tween="sine" easing="inout" time="1200"/>
						<effect type="slide" start="0,0" end="0,3" tween="sine" easing="inout" time="1200"/>
					</animation>
				  <visible>Container(203).HasNext</visible>
			  </control>
			</control>
			<control type="group">
				<description>Friday</description>
				<width>160</width>
				<height>320</height>
				<control type="image">
					<left>0</left>
					<top>0</top>
					<width>160</width>
					<height>35</height>
					<texture>buttons/focus.png</texture>
				  <visible>Control.HasFocus(204)</visible>
				</control>
				<control type="label">
					<left>0</left>
					<top>0</top>
					<width>160</width>
					<height>35</height>
					<label>$LOCALIZE[15]</label>
					<align>center</align>
					<aligny>center</aligny>
					<font>FontSize_20</font>
					<textcolor>white</textcolor>
				  <visible>Control.HasFocus(204)</visible>
				</control>
				<control type="label">
					<left>0</left>
					<top>0</top>
					<width>160</width>
					<height>35</height>
					<label>$LOCALIZE[15]</label>
					<align>center</align>
					<aligny>center</aligny>
					<font>FontSize_20</font>
					<textcolor>77white</textcolor>
				  <visible>!Control.HasFocus(204)</visible>
				</control>
				<control type="panel" id="204">
					<left>0</left>
					<top>39</top>
					<width>160</width>
	        <include condition="!Skin.HasSetting(HideExtraInfo)">TVGuideLayoutHalf</include>
	        <include condition="Skin.HasSetting(HideExtraInfo)">TVGuideLayoutFull</include>
			    <scrolltime tween="Cubic" easing="Out">350</scrolltime>
					<onup>9000</onup>
					<ondown>204</ondown>
					<onleft>203</onleft>
					<onright>205</onright>
					<include>TVGuideLayout</include>
				</control>
				<control type="image">
					<left>70</left>
					<top>290</top>
					<width>21</width>
					<height>18</height>
					<align>center</align>
					<aligny>center</aligny>
					<texture flipy="true">views/scrollbar/arrow.png</texture>
			    <animation effect="slide" start="0,0" end="0,167" condition="Skin.HasSetting(HideExtraInfo)">Conditional</animation>
					<animation type="Conditional" reversible="false" condition="!Control.HasFocus(204)">
					  <effect type="fade" start="100" end="30" tween="sine" easing="inout" time="300"/>
					</animation>
					<animation type="Conditional" reversible="false" condition="Control.HasFocus(204)" pulse="true">
					  <effect type="fade" start="30" end="100" tween="sine" easing="inout" time="1200"/>
						<effect type="slide" start="0,0" end="0,3" tween="sine" easing="inout" time="1200"/>
					</animation>
				  <visible>Container(204).HasNext</visible>
			  </control>
			</control>
			<control type="group">
				<description>Saturday</description>
				<width>160</width>
				<height>320</height>
				<control type="image">
					<left>0</left>
					<top>0</top>
					<width>160</width>
					<height>35</height>
					<texture>buttons/focus.png</texture>
				  <visible>Control.HasFocus(205)</visible>
				</control>
				<control type="label">
					<left>0</left>
					<top>0</top>
					<width>160</width>
					<height>35</height>
					<label>$LOCALIZE[16]</label>
					<align>center</align>
					<aligny>center</aligny>
					<font>FontSize_20</font>
					<textcolor>white</textcolor>
				  <visible>Control.HasFocus(205)</visible>
				</control>
				<control type="label">
					<left>0</left>
					<top>0</top>
					<width>160</width>
					<height>35</height>
					<label>$LOCALIZE[16]</label>
					<align>center</align>
					<aligny>center</aligny>
					<font>FontSize_20</font>
					<textcolor>77white</textcolor>
				  <visible>!Control.HasFocus(205)</visible>
				</control>
				<control type="panel" id="205">
					<left>0</left>
					<top>39</top>
					<width>160</width>
	        <include condition="!Skin.HasSetting(HideExtraInfo)">TVGuideLayoutHalf</include>
	        <include condition="Skin.HasSetting(HideExtraInfo)">TVGuideLayoutFull</include>
			    <scrolltime tween="Cubic" easing="Out">350</scrolltime>
					<onup>9000</onup>
					<ondown>205</ondown>
					<onleft>204</onleft>
					<onright>206</onright>
					<include>TVGuideLayout</include>
				</control>
				<control type="image">
					<left>70</left>
					<top>290</top>
					<width>21</width>
					<height>18</height>
					<align>center</align>
					<aligny>center</aligny>
					<texture flipy="true">views/scrollbar/arrow.png</texture>
			    <animation effect="slide" start="0,0" end="0,167" condition="Skin.HasSetting(HideExtraInfo)">Conditional</animation>
					<animation type="Conditional" reversible="false" condition="!Control.HasFocus(205)">
					  <effect type="fade" start="100" end="30" tween="sine" easing="inout" time="300"/>
					</animation>
					<animation type="Conditional" reversible="false" condition="Control.HasFocus(205)" pulse="true">
					  <effect type="fade" start="30" end="100" tween="sine" easing="inout" time="1200"/>
						<effect type="slide" start="0,0" end="0,3" tween="sine" easing="inout" time="1200"/>
					</animation>
				  <visible>Container(205).HasNext</visible>
			  </control>
			</control>
			<control type="group">
				<description>Sunday</description>
				<width>160</width>
				<height>320</height>
				<control type="image">
					<left>0</left>
					<top>0</top>
					<width>160</width>
					<height>35</height>
					<texture>buttons/focus.png</texture>
				  <visible>Control.HasFocus(206)</visible>
				</control>
				<control type="label">
					<left>0</left>
					<top>0</top>
					<width>160</width>
					<height>35</height>
					<label>$LOCALIZE[17]</label>
					<align>center</align>
					<aligny>center</aligny>
					<font>FontSize_20</font>
					<textcolor>white</textcolor>
				  <visible>Control.HasFocus(206)</visible>
				</control>
				<control type="label">
					<left>0</left>
					<top>0</top>
					<width>160</width>
					<height>35</height>
					<label>$LOCALIZE[17]</label>
					<align>center</align>
					<aligny>center</aligny>
					<font>FontSize_20</font>
					<textcolor>77white</textcolor>
				  <visible>!Control.HasFocus(206)</visible>
				</control>
				<control type="panel" id="206">
					<left>0</left>
					<top>39</top>
					<width>160</width>
	        <include condition="!Skin.HasSetting(HideExtraInfo)">TVGuideLayoutHalf</include>
	        <include condition="Skin.HasSetting(HideExtraInfo)">TVGuideLayoutFull</include>
			    <scrolltime tween="Cubic" easing="Out">350</scrolltime>
					<onup>9000</onup>
					<ondown>206</ondown>
					<onleft>205</onleft>
					<onright>206</onright>
					<include>TVGuideLayout</include>
				</control>
				<control type="image">
					<left>70</left>
					<top>290</top>
					<width>21</width>
					<height>18</height>
					<align>center</align>
					<aligny>center</aligny>
					<texture flipy="true">views/scrollbar/arrow.png</texture>
			    <animation effect="slide" start="0,0" end="0,167" condition="Skin.HasSetting(HideExtraInfo)">Conditional</animation>
					<animation type="Conditional" reversible="false" condition="!Control.HasFocus(206)">
					  <effect type="fade" start="100" end="30" tween="sine" easing="inout" time="300"/>
					</animation>
					<animation type="Conditional" reversible="false" condition="Control.HasFocus(206)" pulse="true">
					  <effect type="fade" start="30" end="100" tween="sine" easing="inout" time="1200"/>
						<effect type="slide" start="0,0" end="0,3" tween="sine" easing="inout" time="1200"/>
					</animation>
				  <visible>Container(206).HasNext</visible>
			  </control>
			</control>
		</control>

		<control type="group">
      <description>Current weekday image</description>
      <left>68</left>
      <top>314</top>
      <animation effect="slide" start="0,0" end="0,-168" condition="Skin.HasSetting(HideExtraInfo)">Conditional</animation>
      <animation effect="slide" end="164,0" time="0" condition="stringcompare(System.Date(DDD),$LOCALIZE[12])">Conditional</animation>
      <animation effect="slide" end="328,0" time="0" condition="stringcompare(System.Date(DDD),$LOCALIZE[13])">Conditional</animation>
      <animation effect="slide" end="492,0" time="0" condition="stringcompare(System.Date(DDD),$LOCALIZE[14])">Conditional</animation>
      <animation effect="slide" end="656,0" time="0" condition="stringcompare(System.Date(DDD),$LOCALIZE[15])">Conditional</animation>
      <animation effect="slide" end="820,0" time="0" condition="stringcompare(System.Date(DDD),$LOCALIZE[16])">Conditional</animation>
      <animation effect="slide" end="984,0" time="0" condition="stringcompare(System.Date(DDD),$LOCALIZE[17])">Conditional</animation>
			<control type="image">
				<width>160</width>
				<height>35</height>
				<texture>dialogs/selectdialog/selected.png</texture>
			</control>
    </control>

	 </control>

	 <include>CommonItems</include>

   <!-- ==================== -->
   <!-- Top Options Controls -->
   <!-- ==================== -->
	 <control type="group" id="9000">
			<left>30</left>
			<top>25</top>
	    <include>ShutdownMenuAnimation</include>
	    <include>OptionsTopMenuAnimation</include>
	    <animation type="Conditional"  reversible="false" condition="!Window.IsActive(favourites)">
	      <effect type="fade" start="0" end="100" time="300" tween="sine" easing="in"  />
	      <effect type="slide" start="0,55" end="0,0" time="350" tween="cubic" easing="out" />
	    </animation>
	    <animation type="Conditional" reversible="false" condition="Window.IsActive(favourites)">
	      <effect type="fade" start="100" end="0" time="300" tween="sine" easing="out" />
	      <effect type="slide" start="0,0" end="0,55" time="350" tween="sine" easing="out" />
	    </animation>
	    <control type="group">
	      <control type="image">
	        <left>0</left>
	        <top>-12</top>
					<width>380</width>
					<height>75</height>
					<texture>dialogs/menus/topmenus_options.png</texture>
	        <aspectratio>stretch</aspectratio>
	      </control>
				<control type="label">
	        <left>75</left>
				  <label>$LOCALIZE[33063] $LOCALIZE[33061]</label>
				  <include>TopBigLabel</include>
				</control>      
	    </control>
		  <control type="grouplist" id="9111">
				<left>0</left>
				<top>63</top>
				<width>380</width>
				<height>222</height>
				<itemgap>0</itemgap>
				<onleft>2000</onleft>
				<onright>2000</onright>
				<onup>9111</onup>
				<ondown>9111</ondown>
				<control type="togglebutton" id="10">
					<description>Fanart Toggle</description>
				  <include>TopLeftMenusButton</include>
					<label>$LOCALIZE[20445]: $LOCALIZE[31011]</label>
					<altlabel>$LOCALIZE[20445]: $LOCALIZE[31012]</altlabel>
					<onclick>Skin.ToggleSetting(HideTVGuideFanart)</onclick>
					<selected>Skin.HasSetting(HideTVGuideFanart)</selected>
				</control>
				<control type="togglebutton" id="11">
					<description>ExtraInfo Toggle</description>
				  <include>TopLeftMenusButton</include>
					<label>$LOCALIZE[31220]: $LOCALIZE[31011]</label>
					<altlabel>$LOCALIZE[31220]: $LOCALIZE[31012]</altlabel>
					<onclick>Skin.ToggleSetting(HideExtraInfo)</onclick>
			    <onclick>Reloadskin</onclick>
					<selected>Skin.HasSetting(HideExtraInfo)</selected>
				</control>
				<control type="button" id="9">
					<description>Preview Thumb</description>
	        <label>$LOCALIZE[31217]: $VAR[TVGuidePreviewThumbsLabels]</label>
			    <onclick condition="Stringcompare(Skin.String(PreviewThumb),3)">Skin.SetString(PreviewThumb,1)</onclick>
			    <onclick condition="Stringcompare(Skin.String(PreviewThumb),2)">Skin.SetString(PreviewThumb,3)</onclick>
			    <onclick condition="Stringcompare(Skin.String(PreviewThumb),1)">Skin.SetString(PreviewThumb,2)</onclick>
			    <onclick condition="Stringcompare(Skin.String(PreviewThumb),3)">Skin.SetString(PreviewThumb,1)</onclick>
				  <include>TopLeftMenusButton</include>
		      <visible>!Skin.HasSetting(HideExtraInfo)</visible>
				</control>
				<control type="button" id="8">
					<description>Settings</description>
					<onclick>SetFocus(2000)</onclick>
				  <label>5</label>
				  <include>TopLeftMenusButton</include>
				</control>
				<control type="image">
					<width>380</width>
					<height>22</height>
					<texture>dialogs/menus/bottom.png</texture>
	        <aspectratio>stretch</aspectratio>
			  </control>
		  </control>
	 </control>

   <include>CommonWeatherAndClock</include>

   <!-- ================ -->
   <!-- Top Content Info -->
   <!-- ================ -->
   <control type="group">
		<left>45</left>
		<top>25</top>
    <include>OpenCloseSlideAnimation</include>
    <include>VisibleHiddenSlideAnimation</include>
		<include>ShutdownMenuAnimation</include>
	  <visible>!ControlGroup(9000).HasFocus + !Window.IsActive(favourites)</visible>
		<control type="grouplist">
			<left>0</left>
			<top>0</top>
			<width>1000</width>
		  <height>70</height>
			<align>left</align>
			<itemgap>12</itemgap>
			<orientation>horizontal</orientation>
      <include>Logo</include>
			<control type="label">
			  <include>TopBigLabel</include>
				<label>4</label>
			</control>
	    <control type="fadelabel">
			  <description>Totals</description>
			  <include>TopZoomedSmallLabel</include>
		    <label>$INFO[Window(Home).Property(NextAired.Total),,  $LOCALIZE[31239]]</label>
		    <label>$INFO[Window(Home).Property(NextAired.TodayTotal),,  $LOCALIZE[31240]]</label>
	      <scroll>false</scroll>
	      <scrollout>false</scrollout>
	      <scrollspeed>100</scrollspeed>
	      <pauseatend>7000</pauseatend>
        <visible>!IntegerGreaterThan(Window(Home).Property(NextAired.TodayTotal,0))</visible>
		    <animation effect="fade" start="0" end="100" time="400" tween="sine" easing="inout">Visible</animation>
		    <animation effect="fade" start="100" end="0" time="400" tween="sine" easing="inout">Hidden</animation>
			</control>
	    <control type="fadelabel">
			  <description>Totals</description>
			  <include>TopZoomedSmallLabel</include>
		    <label>$INFO[Window(Home).Property(NextAired.Total),,  $LOCALIZE[31239]]</label>
		    <label>31238</label>
	      <scroll>false</scroll>
	      <scrollout>false</scrollout>
	      <scrollspeed>100</scrollspeed>
	      <pauseatend>7000</pauseatend>
        <visible>IntegerGreaterThan(Window(Home).Property(NextAired.TodayTotal,0))</visible>
		    <animation effect="fade" start="0" end="100" time="400" tween="sine" easing="inout">Visible</animation>
		    <animation effect="fade" start="100" end="0" time="400" tween="sine" easing="inout">Hidden</animation>
			</control>
		</control>
		<control type="label">
			<left>2</left>
			<top>45</top>
			<width>300</width>
			<height>20</height>
			<font>FontSize_18</font>
			<textcolor>blue</textcolor>
			<scroll>false</scroll>
			<align>left</align>
			<aligny>center</aligny>
			<label>$VAR[TVGuideNumItems]</label>
	    <include>OpenCloseSlideAnimation</include>
	    <include>VisibleHiddenSlideAnimation</include>
		</control>				
   </control>
	</controls>
</window>
