<?xml version="1.0" encoding="UTF-8"?>
<window  id="12">
	<defaultcontrol>3</defaultcontrol>
	<controls>
	 <include>BackgroundItems</include>

	 <control type="group">
    <include>OpenCloseSlideAnimation</include>
    <include>VisibleHiddenSlideAnimation</include>
    <include>DialogZoomInOutAnimation</include>
			<!-- <visible>!Window.IsActive(BusyDialog)</visible> -->
	  <visible>!Window.IsActive(ProgressDialog) + !Window.IsActive(busy.xml) + !Window.IsActive(pvrchannelmanager) + !Window.IsActive(pvrgroupmanager)</visible>

		<control type="image">
		<include>FullscreenDimensions</include>
		  <texture background="true">windows/settings/bg_settings.png</texture>
		</control>
		
		<control type="button" id="10">
			<description>Default Category Button</description>
	    <include>SettingsButtonLeft</include>
		</control>
		<control type="button" id="7">
			<description>Default Button</description>
	    <include>SettingsButton</include>
		</control>
		<control type="radiobutton" id="8">
			<description>Default RadioButton</description>
	    <include>SettingsRadioButton</include>
		</control>
		<control type="spincontrolex" id="9">
			<description>Default SpinControlex</description>
	    <include>SettingsSpincontrolex</include>
		</control>
		<control type="edit" id="12">
			<description>Default edit</description>
	    <include>SettingsButton</include>
		</control>
		<control type="sliderex" id="13">
			<description>Default Slider</description>
      <include>SettingsSliderex</include>
		</control>

		<control type="group" id="9001">
			<left>98</left>
			<top>166</top>
			<control type="grouplist" id="3">
				<description>button area</description>
				<left>0</left>
				<top>0</top>
				<width>295</width>
				<height>399</height>
				<itemgap>1</itemgap>
				<onleft>9000</onleft>
				<onright>5</onright>
				<onup>3</onup>
				<ondown>3</ondown>
			</control>
			<control type="grouplist" id="5">
				<description>control area</description>
				<left>302</left>
				<top>0</top>
				<width>782</width>
				<height>399</height>
				<itemgap>1</itemgap>
				<onleft>3</onleft>
				<onright>9000</onright>
				<onup>5</onup>
				<ondown>5</ondown>
			</control>
		</control>


		<control type="button" id="20">
			<description>Settings Level Button</description>
			<visible>false</visible>
		</control>
		<control type="label" id="2">
			<description>Hidden label to get the values</description>
			<visible>false</visible>
		</control>


		<!-- ============================ -->
    <!-- == Header & Footer Labels == -->
		<!-- ============================ -->
		<control type="group">
			<left>120</left>
			<top>160</top>
			<height>40</height>
			<control type="label">
				<description>Header Category Label</description>
				<left>0</left>
				<top>-50</top>
				<width>1075</width>
				<height>50</height>
				<font>FontSize_36</font>
				<align>center</align>
				<aligny>center</aligny>
				<textcolor>white</textcolor>
				<shadowcolor>99000000</shadowcolor>
				<label>$VAR[SettingsCategoryHeadLabels]</label>
			</control>
		  <control type="textbox" id="6">
				<description>Description Area</description>
				<left>0</left>
				<top>425</top>
				<width>1045</width>
				<height>30</height>
				<textcolor>33white</textcolor>
				<font>FontSize_20</font>
				<align>left</align>
				<scroll>false</scroll>
				<label>-</label>
		  </control>
		</control>
	 </control>

	 <include>CommonNowPlaying</include>
	 <include>CommonDialogsFadeOutBG</include>
	 <include>SettingsCategoryContentInfo</include>
	 <include>SettingsWeatherAndClock</include>
	</controls>
</window>
