<?xml version="1.0" encoding="UTF-8" standalone="yes"?>
<addon id="repository.coode" name="COOD-E Repository" version="1.0.1" provider-name="COODE">
	<extension point="xbmc.addon.repository" name="COOD-E Repository">
		<info compressed="false">https://raw.githubusercontent.com/handagen/xbmc_mele_addons/master/repo/addons.xml</info>
		<checksum>https://raw.githubusercontent.com/handagen/xbmc_mele_addons/master/repo/addons.xml.md5</checksum>
		<datadir zip="true">https://raw.githubusercontent.com/handagen/xbmc_mele_addons/master/repo</datadir>
	</extension>
	<extension point="xbmc.addon.metadata">
		<summary>COODE Addons</summary>
		<description>this repository is for COODE devices</description>
		<platform>all</platform>
	</extension>
</addon>

