<?xml version="1.0" encoding="UTF-8" standalone="yes"?>
<addon id="plugin.audio.soundcloud" name="SoundCloud" version="1.0.0" provider-name="bromix">
	<requires>
		<import addon="xbmc.python" version="2.1.0"/>
        <import addon="script.module.requests" version="2.3.0"/>
	</requires>
	<extension point="xbmc.python.pluginsource" library="default.py">
		<provides>audio</provides>
	</extension>
	<extension point="xbmc.addon.metadata">
		<summary lang="en">SoundCloud is an online audio distribution platform.</summary>
		<summary lang="de">Soundcloud ist ein Online-Audio-Vertriebsplattform.</summary>
		<description lang="en">SoundCloud is an online audio distribution platform that enables its users to upload, record, promote and share their originally-created sounds.</description>
		<description lang="de">Soundcloud ist ein Online-Audio-Vertriebsplattform. Benutzer können ihre ursprünglich erstelle Music hochladen, aufnehmen und unter weiteren Benutzern teilen.</description>
		<disclaimer lang="en"></disclaimer>
		<language>de</language>
		<platform>all</platform>
		<license>GNU GENERAL PUBLIC LICENSE. Version 2, June 1991</license>
		<forum></forum>
		<website>http://www.soundcloud.com/</website>
		<email>bromix at gmx dot net</email>
		<source>https://github.com/bromix/plugin.audio.soundcloud</source>
	</extension>
</addon>
