<?xml version="1.0" encoding="UTF-8" standalone="yes"?>
<addon id="plugin.program.tvboxwizard" name="Install Add-ons by language" version="1.0.1" provider-name="cood">
  <requires>
    <import addon="xbmc.python" version="2.1.0"/>
  </requires>
  <extension point="xbmc.python.pluginsource" library="default.py">
        <provides>video executable</provides>
  </extension>
  <extension point="xbmc.addon.metadata">
    <summary lang="en">TVBOX Wizard</summary>
    <description lang="en">Easy region based install wizard, based on the amazing Hub Wizard</description>
    <platform>all</platform>
  </extension>
</addon>
