<?xml version="1.0" encoding="UTF-8"?>
<scraper framework="1.1" date="2009-01-27">
    <CreateSearchUrl dest="3">
        <RegExp input="$$1" output="&lt;url cache=&quot;episode.xml&quot;&gt;http://joymii.zz.mu/episode.xml&lt;/url&gt;" dest="3">
            <expression/>
        </RegExp>
    </CreateSearchUrl>

    <GetSearchResults dest="1">
        <RegExp input="$$4" output="&lt;?xml version=&quot;1.0&quot; encoding=&quot;utf-8&quot; standalone=&quot;yes&quot;?&gt;&lt;results&gt;\1&lt;/results&gt;" dest="1">
            <RegExp input="$$1" output="&lt;entity&gt;&lt;title&gt;Joymii&lt;/title&gt;&lt;language&gt;en&lt;/language&gt;&lt;url cache=&quot;episode.xml&quot;&gt;http://joymii.zz.mu/episode.xml&lt;/url&gt;&lt;/entity&gt;" dest="4">
                <expression />
            </RegExp>
            <expression noclean="1"/>
        </RegExp>
    </GetSearchResults>

    <GetDetails dest="7">
        <RegExp input="$$4" output="&lt;?xml version=&quot;1.0&quot; encoding=&quot;utf-8&quot; standalone=&quot;yes&quot;?&gt;&lt;details&gt;\1&lt;/details&gt;" dest="7">
            <RegExp input="$$1" output="\1" dest="5">
                <expression noclean="1">(&lt;Series&gt;.*?&lt;/Series&gt;)</expression>
            </RegExp>
            <RegExp input="$$5" output="&lt;title&gt;\1&lt;/title&gt;" dest="4">
                <expression>&lt;SeriesName&gt;([^&lt;]+)&lt;/SeriesName&gt;</expression>
            </RegExp>
            <RegExp input="$$5" output="&lt;plot&gt;\1&lt;/plot&gt;" dest="4+">
                <expression>&lt;Plot&gt;([^&lt;]+)&lt;/Plot&gt;</expression>
            </RegExp>
            <RegExp input="$$5" output="&lt;thumb aspect=&quot;banner&quot;&gt;\1&lt;/thumb&gt;" dest="4+">
                <expression>&lt;Banner&gt;([^&lt;]+)&lt;/Banner&gt;</expression>
            </RegExp>
            <RegExp input="$$5" output="&lt;thumb aspect=&quot;poster&quot;&gt;\1&lt;/thumb&gt;" dest="4+">
                <expression>&lt;Poster&gt;([^&lt;]+)&lt;/Poster&gt;</expression>
            </RegExp>
            <RegExp input="$$5" output="&lt;fanart&gt;&lt;thumb&gt;\1&lt;/thumb&gt;&lt;/fanart&gt;" dest="4+">
                <expression>&lt;Fanart&gt;([^&lt;]+)&lt;/Fanart&gt;</expression>
            </RegExp>
            <RegExp input="$$2" output="&lt;episodeguide&gt;&lt;url cache=&quot;episode.xml&quot;&gt;http://joymii.zz.mu/episode.xml&lt;/url&gt;&lt;/episodeguide&gt;" dest="4+">
                <expression/>
            </RegExp>
            <expression noclean="1"/>
        </RegExp>
    </GetDetails>

    <GetEpisodeList dest="3">
        <RegExp input="$$4" output="&lt;episodeguide&gt;\1&lt;/episodeguide&gt;" dest="3">
            <RegExp input="$$1" output="&lt;episode&gt;&lt;title&gt;\2&lt;/title&gt;&lt;url cache=&quot;episode.xml&quot;&gt;http://joymii.zz.mu/episode.xml&lt;/url&gt;&lt;epnum&gt;\1&lt;/epnum&gt;&lt;season&gt;1&lt;/season&gt;&lt;id&gt;\1&lt;/id&gt;&lt;/episode&gt;" dest="4">
                <expression repeat="yes">&lt;Episode&gt;[^&lt;]+&lt;EpisodeNumber&gt;([0-9]+)&lt;/EpisodeNumber&gt;[^&lt;]+&lt;EpisodeName&gt;([^&lt;]+)&lt;/EpisodeName&gt;</expression>
            </RegExp>
            <expression noclean="1"/>
        </RegExp>
    </GetEpisodeList>

    <GetEpisodeDetails dest="3">
        <RegExp input="$$4" output="&lt;?xml version=&quot;1.0&quot; encoding=&quot;utf-8&quot; standalone=&quot;yes&quot;?&gt;&lt;details&gt;\1&lt;/details&gt;" dest="3">
            <RegExp input="$$1" output="\1" dest="8">
                <expression noclean="1">(&lt;Episode&gt;[^&lt;]+&lt;EpisodeNumber&gt;$$2&lt;/EpisodeNumber&gt;.*?&lt;/Episode&gt;)</expression>
            </RegExp>
            <RegExp input="$$8" output="&lt;thumb aspect=&quot;poster&quot;&gt;\1&lt;/thumb&gt;" dest="4">
                <expression>&lt;Thumb&gt;([^&lt;]+)&lt;/Thumb&gt;</expression>
            </RegExp>
            <RegExp input="$$8" output="&lt;episode&gt;\1&lt;/episode&gt;" dest="4+">
                <expression>&lt;EpisodeNumber&gt;([0-9]+)&lt;/EpisodeNumber&gt;</expression>
            </RegExp>
            <RegExp input="$$8" output="&lt;title&gt;\1&lt;/title&gt;" dest="4+">
                <expression>&lt;EpisodeName&gt;([^&lt;]+)&lt;/EpisodeName&gt;</expression>
            </RegExp>
            <RegExp input="$$8" output="&lt;season&gt;1&lt;/season&gt;" dest="4+">
                <expression>&lt;SeasonNumber&gt;([1-9]+)&lt;/SeasonNumber&gt;</expression>
            </RegExp>
            <RegExp input="$$8" output="&lt;plot&gt;\1&lt;/plot&gt;" dest="4+">
                <expression>&lt;Plot&gt;([^&lt;]+)&lt;/Plot&gt;</expression>
            </RegExp>
            <RegExp input="$$8" output="&lt;aired&gt;\1&lt;/aired&gt;" dest="4+">
                <expression>&lt;Aired&gt;([^&lt;]+)&lt;/Aired&gt;</expression>
            </RegExp>
            <RegExp input="$$8" output="&lt;fanart&gt;&lt;thumb&gt;\1&lt;/thumb&gt;&lt;/fanart&gt;" dest="4+">
                <expression>&lt;Fanart&gt;([^&lt;]+)&lt;/Fanart&gt;</expression>
            </RegExp>
            <expression noclean="1"/>
        </RegExp>
    </GetEpisodeDetails>
</scraper>