<?xml version="1.0" encoding="UTF-8" standalone="yes"?>
<addon id="plugin.video.disneyjunior" name="Disney Junior" version="1.3.0" provider-name=".[COLOR blue]X[/COLOR]unity[COLOR blue]T[/COLOR]alk">
  <requires>
    <import addon="xbmc.python" version="2.1.0"/>
  </requires>
  <extension point="xbmc.python.pluginsource" library="default.py">
        <provides>video</provides>
  </extension>
  <extension point="xbmc.addon.metadata">
    <summary lang="en">Stream from disney junior kids</summary>
    <description lang="en">Stream from disney junior kids</description>
    <platform>all</platform>
  </extension>
</addon>
